city,street,rta,Client,Résidence,Compte client,Municipalité,Date débranchement,Base payée,Google Map URL,Cote de crédit,Dernière visite,Dernier commentaire,Services actuels,Raison débranchement,Dernier statut 12 mois (filtre),Date de dernière visite (1),Dernier statut,Détail du dernier statut,Dernière visite par,Rappel,Date de fin du rabais consenti TSF,Nb de services câblés,Services avant débranchement,Code postal,Validation de la porte,Date de disponibilité du câble,Disponibilité câble 30 jours et moins,ILM,Bâtiment,Date de branchement,RTA_MUNICIPALITE,Date début Ne Pas Cogner,Offre ciblée,Extension réseau,Territoire équipe
Sherbrooke,,J1N,RADE KNEZEVIC,LAVERENDRYE RUE 3496,44506139,SHERBROOKE,2018-05-07,Non,https://www.google.ca/maps/place/3496+RUE+LA VE...,0,2023-02-13 14 h 28,Bravo telecom à Sherbrooke 😖😖,,PRIX TROP ?LEV?,À visiter,,Absent,,Nicolas GUILLET,,,0,TVA_TVN,J1L1Z6,,2018-08-29,,001,LAVERENDRYE RUE 3496,,J1L_SHERBROOKE,,,,Winco
Sherbrooke,,J1N,29863642 CLIENT FIZZ,DEBUSSY RUE 191 ***NE PAS COGNER***,100226995,CHATEAUGUAY,2017-07-08,Non,https://www.google.ca/maps/place/191+RUE+DEBUSS...,0,2022-09-16 19 h 00,Déménager Sherbrooke Int,INZ,,À visiter,,Pas intéressé,,Julien Mancilla-Fourez,,,0,,J6K2K1,,1990-11-05,,001,DEBUSSY RUE 191,,J6K_CHATEAUGUAY,,,,Winco
Sherbrooke,,J1N,ALAIN CHARLEBOIS,SHERBROOKE RUE 23,43100465,GATINEAU,2019-07-05,Non,https://www.google.ca/maps/place/23+RUE+SHERBRO...,0,2025-05-03 16 h 33,Aujourd’hui à 18h30,,DEBRANCHEMENT TRANSFERABILITE,Pas intéressé,2025-05-03 16 h 35,Pas intéressé,Satisfait des services actuels,MAMADOU BACHIR DIALLO,,,0,TVA_TVN_INC_TPC_TSF,J8Y2K7,,1997-08-29,,001,SHERBROOKE RUE 23,,J8Y_GATINEAU,,,,Winco
Sherbrooke,,J1N,GERARD GODIN,SHERBROOKE RUE 150,45432279,GATINEAU,,Non,https://www.google.ca/maps/place/150+RUE+SHERBR...,0,2024-12-13 18 h 31,Veut garder le système pour l’instant,INC TPC TSF,,Pas intéressé,2024-12-13 18 h 32,Pas intéressé,Satisfait des services actuels,JUNIAS KABEYA KAZADI,,20260109_MGS3,2,,J8Y2L3,,1997-08-29,,001,SHERBROOKE RUE 150,1998-08-12,J8Y_GATINEAU,,,,Winco
Sherbrooke,,J1N,RON MORIN,SHERBROOKE RUE 325,16882350,SAINTE-THERESE,2014-04-09,Non,https://www.google.ca/maps/place/325+RUE+SHERBR...,0,2024-02-08 18 h 23,,,CONCURRENCE- MEILLEUR PRODUIT,À visiter,2024-02-08 18 h 24,En réflexion,RDV pris,Éric CHATELOIS,2024-02-09 18 h 23,,0,TVA_TVN,J7E2C6,,2024-06-18,,001,SHERBROOKE RUE 325,,J7E_SAINTE-THERESE,,,,Rive-Nord
Sherbrooke,,J1N,CHANTAL LEBLANC,SHERBROOKE RUE 139,67684084,GATINEAU,,Non,https://www.google.ca/maps/place/139+RUE+SHERBR...,0,2024-12-13 15 h 23,Passer demain à 3h pm,TVX INX TPC,,Pas intéressé,2024-12-13 15 h 24,Pas intéressé,Satisfait des services actuels,JUNIAS KABEYA KAZADI,,,3,,J8Y2L4,,1997-08-29,,001,SHERBROOKE RUE 139,2017-11-28,J8Y_GATINEAU,,,,Winco
Sherbrooke,,J1N,JEFFREY SHUTER,SHERBROOKE RUE 4520,58582851,LACHINE,2017-06-01,Non,https://www.google.ca/maps/place/4520+RUE+SHERB...,4,,,,CONCURRENCE - MEILLEURE OFFRE,À visiter,,À visiter,,,,,0,TVA_TVN_INC_TPC,H8T1H4,,2000-10-03,,001,SHERBROOKE RUE 4520,,H8T_LACHINE,,,,Winco
Sherbrooke,,J1N,ERIC PAULHUS,SHERBROOKE RUE 151,44243103,GATINEAU,2012-09-05,Non,https://www.google.ca/maps/place/151+RUE+SHERBR...,0,2024-12-13 17 h 01,,,PRODUIT R?POND PLUS AU BESOIN,Absent,2024-12-13 17 h 02,Absent,,JUNIAS KABEYA KAZADI,,,0,INC_TPC,J8Y2L4,,1997-08-29,,001,SHERBROOKE RUE 151,,J8Y_GATINEAU,,,,Winco
Sherbrooke,,J1N,ALAIN MCKINNON,SHERBROOKE RUE 157,44739010,GATINEAU,2020-10-30,Non,https://www.google.ca/maps/place/157+RUE+SHERBR...,0,2024-12-13 17 h 09,,,DEBRANCHEMENT TRANSFERABILITE,Pas intéressé,2024-12-13 17 h 10,Pas intéressé,Satisfait des services actuels,JUNIAS KABEYA KAZADI,,,0,TVA_INC_TSF,J8Y2L5,,1997-08-29,,001,SHERBROOKE RUE 157,1998-03-06,J8Y_GATINEAU,,,,Winco
Sherbrooke,,J1N,CLAUDE LABRIE,SHERBROOKE RUE 3111 APP 225,30301882,LACHINE,,Oui,https://www.google.ca/maps/place/3111+RUE+SHERB...,0,,,TVN INC TSF,,À visiter,,À visiter,,,,,2,,H8S1K3,,2013-01-11,,051-099,SHERBROOKE RUE 3111,2005-10-17,H8S_LACHINE,,,,Winco
Sherbrooke,,J1N,MARTIN BELLEVILLE,SHERBROOKE E RUE 12590 APP 271,56632746,POINTE-AUX-TREMBLES,2019-06-30,Non,https://www.google.ca/maps/place/12590+RUE+SHER...,0,2025-03-27 16 h 32,,,DEBRANCHEMENT TRANSFERABILITE,Pas intéressé,2025-03-27 16 h 34,Pas intéressé,Satisfait des services actuels,Djamel Rabia,,,0,TVA_TVN_INC,H1B1C9,,2007-11-21,,024-050,SHERBROOKE E RUE 12590,,H1B_POINTE-AUX-TREMBLES,,,,Montréal
Sherbrooke,,J1N,MARCEL GARIEPY,SHERBROOKE E RUE 14105 APP 123,22631143,POINTE-AUX-TREMBLES,,Oui,https://www.google.ca/maps/place/14105+RUE+SHER...,0,2025-03-20 16 h 22,,TVN,,Pas intéressé,2025-03-20 16 h 24,Pas intéressé,Satisfait des services actuels,Djamel Rabia,,,1,,H1A3X5,,1990-11-05,,051-099,SHERBROOKE E RUE 14105,2006-05-02,H1A_POINTE-AUX-TREMBLES,,,,Montréal
Sherbrooke,,J1N,FRANCE LARIVIERE,SHERBROOKE E RUE 12620 APP 12,29203910,POINTE-AUX-TREMBLES,,Non,https://www.google.ca/maps/place/12620+RUE+SHER...,0,2025-03-27 17 h 12,,TVN INC,,Pas intéressé,2025-03-27 17 h 13,Pas intéressé,Satisfait des services actuels,Djamel Rabia,,,2,,H1B1C9,,1990-11-05,,012-023,SHERBROOKE E RUE 12620,1996-10-29,H1B_POINTE-AUX-TREMBLES,,,,Montréal
Sherbrooke,,J1N,CLAUDE ROCH,SHERBROOKE E RUE 14105 APP 116,16002784,POINTE-AUX-TREMBLES,,Oui,https://www.google.ca/maps/place/14105+RUE+SHER...,0,,,TVN INC TPC TSF,,À visiter,,À visiter,,,,20260620_MG4,3,,H1A3X5,,1990-11-05,,051-099,SHERBROOKE E RUE 14105,1987-06-22,H1A_POINTE-AUX-TREMBLES,,,,Montréal
Sherbrooke,,J1N,MOOUHAMED DAGBO,SHERBROOKE E RUE 13910 APP 202,78114911,POINTE-AUX-TREMBLES,,Non,https://www.google.ca/maps/place/13910+RUE+SHER...,0,2025-01-22 18 h 53,Internet 30 legacy,INC TSF,,Vente,2025-01-22 18 h 54,Vente,Vente en porte à porte,William Kacogo,,,1,,H1A1C4,,1990-11-05,,024-050,SHERBROOKE E RUE 13910,2024-10-04,H1A_POINTE-AUX-TREMBLES,,,,Montréal
Sherbrooke,,J1N,ARTHUR LAVOIE,SHERBROOKE E RUE 14005 APP 224,75913184,POINTE-AUX-TREMBLES,,Oui,https://www.google.ca/maps/place/14005+RUE+SHER...,0,2025-03-19 18 h 55,,TVN INC TSF,,Vente,2025-03-19 18 h 56,Vente,Vente en porte à porte,Djamel Rabia,,,2,,H1A3Y4,,1996-06-17,,051-099,SHERBROOKE E RUE 14005,2016-05-02,H1A_POINTE-AUX-TREMBLES,,,,Montréal
Sherbrooke,,J1N,Michel Gauthier,SHERBROOKE E RUE 12620 APP 15,1001473424,POINTE-AUX-TREMBLES,,Non,https://www.google.ca/maps/place/12620+RUE+SHER...,0,2025-03-27 16 h 49,,INX,,Absent,2025-03-27 16 h 51,Absent,,Djamel Rabia,,,1,,H1B1C9,,1990-11-05,,012-023,SHERBROOKE E RUE 12620,2024-02-09,H1B_POINTE-AUX-TREMBLES,,,,Montréal
Sherbrooke,,J1N,CLAUDE GRAVEL,SHERBROOKE E RUE 12620 APP 16,49513770,POINTE-AUX-TREMBLES,,Non,https://www.google.ca/maps/place/12620+RUE+SHER...,0,,,TVN INC TPC TSF,,À visiter,,À visiter,,,,,3,,H1B1C9,,1990-11-05,,012-023,SHERBROOKE E RUE 12620,2002-09-12,H1B_POINTE-AUX-TREMBLES,,,,Montréal
Sherbrooke,,J1N,RITA TREMBLAY,SHERBROOKE E RUE 12610 APP 6,60084499,POINTE-AUX-TREMBLES,,Non,https://www.google.ca/maps/place/12610+RUE+SHER...,0,2025-03-27 16 h 45,,TVN,,Pas intéressé,2025-03-27 16 h 46,Pas intéressé,Satisfait des services actuels,Djamel Rabia,,,1,,H1B1C9,,1990-11-05,,024-050,SHERBROOKE E RUE 12610,2006-06-07,H1B_POINTE-AUX-TREMBLES,,,,Montréal
Sherbrooke,,J1N,ERIC PAYETTE,SHERBROOKE E RUE 14105 APP 323,57393702,POINTE-AUX-TREMBLES,,Oui,https://www.google.ca/maps/place/14105+RUE+SHER...,4,2025-03-20 16 h 39,,TVN INC,,Pas intéressé,2025-03-20 16 h 40,Pas intéressé,Satisfait des services actuels,Djamel Rabia,,,2,,H1A3X5,,1990-11-05,,051-099,SHERBROOKE E RUE 14105,2020-12-18,H1A_POINTE-AUX-TREMBLES,,,,Montréal
Sherbrooke,,J1N,CATHY ARSENAULT,SHERBROOKE E RUE 14105 APP 104,66364965,POINTE-AUX-TREMBLES,2022-12-14,Oui,https://www.google.ca/maps/place/14105+RUE+SHER...,0,2025-03-20 16 h 19,,TVN INC,,Pas intéressé,2025-03-20 16 h 20,Pas intéressé,Satisfait des services actuels,Djamel Rabia,,,2,,H1A3X5,,1990-11-05,,051-099,SHERBROOKE E RUE 14105,2023-06-06,H1A_POINTE-AUX-TREMBLES,,,,Montréal
