[
  {
    "Client": "RADE KNEZEVIC",
    "Résidence": "LAVERENDRYE RUE 3496",
    "Compte client": "44506139",
    "Municipalité": "SHERBROOKE",
    "Date débranchement": "2018-05-07",
    "Base payée": "Non",
    "Google Map URL": "https://www.google.ca/maps/place/3496+RUE+LA VE...",
    "Cote de crédit": "0",
    "Dernière visite": "2023-02-13 14 h 28",
    "Dernier commentaire": "Bravo telecom à Sherbrooke 😖😖",
    "Services actuels": null,
    "Raison débranchement": "PRIX TROP ?LEV?",
    "Dernier statut 12 mois (filtre)": "À visiter",
    "Date de dernière visite (1)": null,
    "Dernier statut": "Absent",
    "Détail du dernier statut": null,
    "Dernière visite par": "Nicolas GUILLET",
    "Rappel": null,
    "Date de fin du rabais consenti TSF": null,
    "Nb de services câblés": "0",
    "Services avant débranchement": "TVA_TVN",
    "Code postal": "J1L1Z6",
    "Validation de la porte": null,
    "Date de disponibilité du câble": "2018-08-29",
    "Disponibilité câble 30 jours et moins": null,
    "ILM": "001",
    "Bâtiment": "LAVERENDRYE RUE 3496",
    "Date de branchement": null,
    "RTA_MUNICIPALITE": "J1L_SHERBROOKE",
    "Date début Ne Pas Cogner": null,
    "Offre ciblée": null,
    "Extension réseau": null,
    "Territoire équipe": "Winco"
  },
  {
    "Client": "29863642 CLIENT FIZZ",
    "Résidence": "DEBUSSY RUE 191 ***NE PAS COGNER***",
    "Compte client": "100226995",
    "Municipalité": "CHATEAUGUAY",
    "Date débranchement": "2017-07-08",
    "Base payée": "Non",
    "Google Map URL": "https://www.google.ca/maps/place/191+RUE+DEBUSS...",
    "Cote de crédit": "0",
    "Dernière visite": "2022-09-16 19 h 00",
    "Dernier commentaire": "Déménager Sherbrooke Int",
    "Services actuels": "INZ",
    "Raison débranchement": null,
    "Dernier statut 12 mois (filtre)": "À visiter",
    "Date de dernière visite (1)": null,
    "Dernier statut": "Pas intéressé",
    "Détail du dernier statut": null,
    "Dernière visite par": "Julien Mancilla-Fourez",
    "Rappel": null,
    "Date de fin du rabais consenti TSF": null,
    "Nb de services câblés": "0",
    "Services avant débranchement": null,
    "Code postal": "J6K2K1",
    "Validation de la porte": null,
    "Date de disponibilité du câble": "1990-11-05",
    "Disponibilité câble 30 jours et moins": null,
    "ILM": "001",
    "Bâtiment": "DEBUSSY RUE 191",
    "Date de branchement": null,
    "RTA_MUNICIPALITE": "J6K_CHATEAUGUAY",
    "Date début Ne Pas Cogner": null,
    "Offre ciblée": null,
    "Extension réseau": null,
    "Territoire équipe": "Winco"
  },
  {
    "Client": "ALAIN CHARLEBOIS",
    "Résidence": "SHERBROOKE RUE 23",
    "Compte client": "43100465",
    "Municipalité": "GATINEAU",
    "Date débranchement": "2019-07-05",
    "Base payée": "Non",
    "Google Map URL": "https://www.google.ca/maps/place/23+RUE+SHERBRO...",
    "Cote de crédit": "0",
    "Dernière visite": "2025-05-03 16 h 33",
    "Dernier commentaire": "Aujourd’hui à 18h30",
    "Services actuels": null,
    "Raison débranchement": "DEBRANCHEMENT TRANSFERABILITE",
    "Dernier statut 12 mois (filtre)": "Pas intéressé",
    "Date de dernière visite (1)": "2025-05-03 16 h 35",
    "Dernier statut": "Pas intéressé",
    "Détail du dernier statut": "Satisfait des services actuels",
    "Dernière visite par": "MAMADOU BACHIR DIALLO",
    "Rappel": null,
    "Date de fin du rabais consenti TSF": null,
    "Nb de services câblés": "0",
    "Services avant débranchement": "TVA_TVN_INC_TPC_TSF",
    "Code postal": "J8Y2K7",
    "Validation de la porte": null,
    "Date de disponibilité du câble": "1997-08-29",
    "Disponibilité câble 30 jours et moins": null,
    "ILM": "001",
    "Bâtiment": "SHERBROOKE RUE 23",
    "Date de branchement": null,
    "RTA_MUNICIPALITE": "J8Y_GATINEAU",
    "Date début Ne Pas Cogner": null,
    "Offre ciblée": null,
    "Extension réseau": null,
    "Territoire équipe": "Winco"
  },
  {
    "Client": "GERARD GODIN",
    "Résidence": "SHERBROOKE RUE 150",
    "Compte client": "45432279",
    "Municipalité": "GATINEAU",
    "Date débranchement": null,
    "Base payée": "Non",
    "Google Map URL": "https://www.google.ca/maps/place/150+RUE+SHERBR...",
    "Cote de crédit": "0",
    "Dernière visite": "2024-12-13 18 h 31",
    "Dernier commentaire": "Veut garder le système pour l’instant",
    "Services actuels": "INC TPC TSF",
    "Raison débranchement": null,
    "Dernier statut 12 mois (filtre)": "Pas intéressé",
    "Date de dernière visite (1)": "2024-12-13 18 h 32",
    "Dernier statut": "Pas intéressé",
    "Détail du dernier statut": "Satisfait des services actuels",
    "Dernière visite par": "JUNIAS KABEYA KAZADI",
    "Rappel": null,
    "Date de fin du rabais consenti TSF": "20260109_MGS3",
    "Nb de services câblés": "2",
    "Services avant débranchement": null,
    "Code postal": "J8Y2L3",
    "Validation de la porte": null,
    "Date de disponibilité du câble": "1997-08-29",
    "Disponibilité câble 30 jours et moins": null,
    "ILM": "001",
    "Bâtiment": "SHERBROOKE RUE 150",
    "Date de branchement": "1998-08-12",
    "RTA_MUNICIPALITE": "J8Y_GATINEAU",
    "Date début Ne Pas Cogner": null,
    "Offre ciblée": null,
    "Extension réseau": null,
    "Territoire équipe": "Winco"
  },
  {
    "Client": "RON MORIN",
    "Résidence": "SHERBROOKE RUE 325",
    "Compte client": "16882350",
    "Municipalité": "SAINTE-THERESE",
    "Date débranchement": "2014-04-09",
    "Base payée": "Non",
    "Google Map URL": "https://www.google.ca/maps/place/325+RUE+SHERBR...",
    "Cote de crédit": "0",
    "Dernière visite": "2024-02-08 18 h 23",
    "Dernier commentaire": null,
    "Services actuels": null,
    "Raison débranchement": "CONCURRENCE- MEILLEUR PRODUIT",
    "Dernier statut 12 mois (filtre)": "À visiter",
    "Date de dernière visite (1)": "2024-02-08 18 h 24",
    "Dernier statut": "En réflexion",
    "Détail du dernier statut": "RDV pris",
    "Dernière visite par": "Éric CHATELOIS",
    "Rappel": "2024-02-09 18 h 23",
    "Date de fin du rabais consenti TSF": null,
    "Nb de services câblés": "0",
    "Services avant débranchement": "TVA_TVN",
    "Code postal": "J7E2C6",
    "Validation de la porte": null,
    "Date de disponibilité du câble": "2024-06-18",
    "Disponibilité câble 30 jours et moins": null,
    "ILM": "001",
    "Bâtiment": "SHERBROOKE RUE 325",
    "Date de branchement": null,
    "RTA_MUNICIPALITE": "J7E_SAINTE-THERESE",
    "Date début Ne Pas Cogner": null,
    "Offre ciblée": null,
    "Extension réseau": null,
    "Territoire équipe": "Rive-Nord"
  },
  {
    "Client": "CHANTAL LEBLANC",
    "Résidence": "SHERBROOKE RUE 139",
    "Compte client": "67684084",
    "Municipalité": "GATINEAU",
    "Date débranchement": null,
    "Base payée": "Non",
    "Google Map URL": "https://www.google.ca/maps/place/139+RUE+SHERBR...",
    "Cote de crédit": "0",
    "Dernière visite": "2024-12-13 15 h 23",
    "Dernier commentaire": "Passer demain à 3h pm",
    "Services actuels": "TVX INX TPC",
    "Raison débranchement": null,
    "Dernier statut 12 mois (filtre)": "Pas intéressé",
    "Date de dernière visite (1)": "2024-12-13 15 h 24",
    "Dernier statut": "Pas intéressé",
    "Détail du dernier statut": "Satisfait des services actuels",
    "Dernière visite par": "JUNIAS KABEYA KAZADI",
    "Rappel": null,
    "Date de fin du rabais consenti TSF": null,
    "Nb de services câblés": "3",
    "Services avant débranchement": null,
    "Code postal": "J8Y2L4",
    "Validation de la porte": null,
    "Date de disponibilité du câble": "1997-08-29",
    "Disponibilité câble 30 jours et moins": null,
    "ILM": "001",
    "Bâtiment": "SHERBROOKE RUE 139",
    "Date de branchement": "2017-11-28",
    "RTA_MUNICIPALITE": "J8Y_GATINEAU",
    "Date début Ne Pas Cogner": null,
    "Offre ciblée": null,
    "Extension réseau": null,
    "Territoire équipe": "Winco"
  },
  {
    "Client": "JEFFREY SHUTER",
    "Résidence": "SHERBROOKE RUE 4520",
    "Compte client": "58582851",
    "Municipalité": "LACHINE",
    "Date débranchement": "2017-06-01",
    "Base payée": "Non",
    "Google Map URL": "https://www.google.ca/maps/place/4520+RUE+SHERB...",
    "Cote de crédit": "4",
    "Dernière visite": null,
    "Dernier commentaire": null,
    "Services actuels": null,
    "Raison débranchement": "CONCURRENCE - MEILLEURE OFFRE",
    "Dernier statut 12 mois (filtre)": "À visiter",
    "Date de dernière visite (1)": null,
    "Dernier statut": "À visiter",
    "Détail du dernier statut": null,
    "Dernière visite par": null,
    "Rappel": null,
    "Date de fin du rabais consenti TSF": null,
    "Nb de services câblés": "0",
    "Services avant débranchement": "TVA_TVN_INC_TPC",
    "Code postal": "H8T1H4",
    "Validation de la porte": null,
    "Date de disponibilité du câble": "2000-10-03",
    "Disponibilité câble 30 jours et moins": null,
    "ILM": "001",
    "Bâtiment": "SHERBROOKE RUE 4520",
    "Date de branchement": null,
    "RTA_MUNICIPALITE": "H8T_LACHINE",
    "Date début Ne Pas Cogner": null,
    "Offre ciblée": null,
    "Extension réseau": null,
    "Territoire équipe": "Winco"
  },
  {
    "Client": "ERIC PAULHUS",
    "Résidence": "SHERBROOKE RUE 151",
    "Compte client": "44243103",
    "Municipalité": "GATINEAU",
    "Date débranchement": "2012-09-05",
    "Base payée": "Non",
    "Google Map URL": "https://www.google.ca/maps/place/151+RUE+SHERBR...",
    "Cote de crédit": "0",
    "Dernière visite": "2024-12-13 17 h 01",
    "Dernier commentaire": null,
    "Services actuels": null,
    "Raison débranchement": "PRODUIT R?POND PLUS AU BESOIN",
    "Dernier statut 12 mois (filtre)": "Absent",
    "Date de dernière visite (1)": "2024-12-13 17 h 02",
    "Dernier statut": "Absent",
    "Détail du dernier statut": null,
    "Dernière visite par": "JUNIAS KABEYA KAZADI",
    "Rappel": null,
    "Date de fin du rabais consenti TSF": null,
    "Nb de services câblés": "0",
    "Services avant débranchement": "INC_TPC",
    "Code postal": "J8Y2L4",
    "Validation de la porte": null,
    "Date de disponibilité du câble": "1997-08-29",
    "Disponibilité câble 30 jours et moins": null,
    "ILM": "001",
    "Bâtiment": "SHERBROOKE RUE 151",
    "Date de branchement": null,
    "RTA_MUNICIPALITE": "J8Y_GATINEAU",
    "Date début Ne Pas Cogner": null,
    "Offre ciblée": null,
    "Extension réseau": null,
    "Territoire équipe": "Winco"
  },
  {
    "Client": "ALAIN MCKINNON",
    "Résidence": "SHERBROOKE RUE 157",
    "Compte client": "44739010",
    "Municipalité": "GATINEAU",
    "Date débranchement": "2020-10-30",
    "Base payée": "Non",
    "Google Map URL": "https://www.google.ca/maps/place/157+RUE+SHERBR...",
    "Cote de crédit": "0",
    "Dernière visite": "2024-12-13 17 h 09",
    "Dernier commentaire": null,
    "Services actuels": null,
    "Raison débranchement": "DEBRANCHEMENT TRANSFERABILITE",
    "Dernier statut 12 mois (filtre)": "Pas intéressé",
    "Date de dernière visite (1)": "2024-12-13 17 h 10",
    "Dernier statut": "Pas intéressé",
    "Détail du dernier statut": "Satisfait des services actuels",
    "Dernière visite par": "JUNIAS KABEYA KAZADI",
    "Rappel": null,
    "Date de fin du rabais consenti TSF": null,
    "Nb de services câblés": "0",
    "Services avant débranchement": "TVA_INC_TSF",
    "Code postal": "J8Y2L5",
    "Validation de la porte": null,
    "Date de disponibilité du câble": "1997-08-29",
    "Disponibilité câble 30 jours et moins": null,
    "ILM": "001",
    "Bâtiment": "SHERBROOKE RUE 157",
    "Date de branchement": "1998-03-06",
    "RTA_MUNICIPALITE": "J8Y_GATINEAU",
    "Date début Ne Pas Cogner": null,
    "Offre ciblée": null,
    "Extension réseau": null,
    "Territoire équipe": "Winco"
  },
  {
    "Client": "CLAUDE LABRIE",
    "Résidence": "SHERBROOKE RUE 3111 APP 225",
    "Compte client": "30301882",
    "Municipalité": "LACHINE",
    "Date débranchement": null,
    "Base payée": "Oui",
    "Google Map URL": "https://www.google.ca/maps/place/3111+RUE+SHERB...",
    "Cote de crédit": "0",
    "Dernière visite": null,
    "Dernier commentaire": null,
    "Services actuels": "TVN INC TSF",
    "Raison débranchement": null,
    "Dernier statut 12 mois (filtre)": "À visiter",
    "Date de dernière visite (1)": null,
    "Dernier statut": "À visiter",
    "Détail du dernier statut": null,
    "Dernière visite par": null,
    "Rappel": null,
    "Date de fin du rabais consenti TSF": null,
    "Nb de services câblés": "2",
    "Services avant débranchement": null,
    "Code postal": "H8S1K3",
    "Validation de la porte": null,
    "Date de disponibilité du câble": "2013-01-11",
    "Disponibilité câble 30 jours et moins": null,
    "ILM": "051-099",
    "Bâtiment": "SHERBROOKE RUE 3111",
    "Date de branchement": "2005-10-17",
    "RTA_MUNICIPALITE": "H8S_LACHINE",
    "Date début Ne Pas Cogner": null,
    "Offre ciblée": null,
    "Extension réseau": null,
    "Territoire équipe": "Winco"
  },
  {
    "Client": "MARTIN BELLEVILLE",
    "Résidence": "SHERBROOKE E RUE 12590 APP 271",
    "Compte client": "56632746",
    "Municipalité": "POINTE-AUX-TREMBLES",
    "Date débranchement": "2019-06-30",
    "Base payée": "Non",
    "Google Map URL": "https://www.google.ca/maps/place/12590+RUE+SHER...",
    "Cote de crédit": "0",
    "Dernière visite": "2025-03-27 16 h 32",
    "Dernier commentaire": null,
    "Services actuels": null,
    "Raison débranchement": "DEBRANCHEMENT TRANSFERABILITE",
    "Dernier statut 12 mois (filtre)": "Pas intéressé",
    "Date de dernière visite (1)": "2025-03-27 16 h 34",
    "Dernier statut": "Pas intéressé",
    "Détail du dernier statut": "Satisfait des services actuels",
    "Dernière visite par": "Djamel Rabia",
    "Rappel": null,
    "Date de fin du rabais consenti TSF": null,
    "Nb de services câblés": "0",
    "Services avant débranchement": "TVA_TVN_INC",
    "Code postal": "H1B1C9",
    "Validation de la porte": null,
    "Date de disponibilité du câble": "2007-11-21",
    "Disponibilité câble 30 jours et moins": null,
    "ILM": "024-050",
    "Bâtiment": "SHERBROOKE E RUE 12590",
    "Date de branchement": null,
    "RTA_MUNICIPALITE": "H1B_POINTE-AUX-TREMBLES",
    "Date début Ne Pas Cogner": null,
    "Offre ciblée": null,
    "Extension réseau": null,
    "Territoire équipe": "Montréal"
  },
  {
    "Client": "MARCEL GARIEPY",
    "Résidence": "SHERBROOKE E RUE 14105 APP 123",
    "Compte client": "22631143",
    "Municipalité": "POINTE-AUX-TREMBLES",
    "Date débranchement": null,
    "Base payée": "Oui",
    "Google Map URL": "https://www.google.ca/maps/place/14105+RUE+SHER...",
    "Cote de crédit": "0",
    "Dernière visite": "2025-03-20 16 h 22",
    "Dernier commentaire": null,
    "Services actuels": "TVN",
    "Raison débranchement": null,
    "Dernier statut 12 mois (filtre)": "Pas intéressé",
    "Date de dernière visite (1)": "2025-03-20 16 h 24",
    "Dernier statut": "Pas intéressé",
    "Détail du dernier statut": "Satisfait des services actuels",
    "Dernière visite par": "Djamel Rabia",
    "Rappel": null,
    "Date de fin du rabais consenti TSF": null,
    "Nb de services câblés": "1",
    "Services avant débranchement": null,
    "Code postal": "H1A3X5",
    "Validation de la porte": null,
    "Date de disponibilité du câble": "1990-11-05",
    "Disponibilité câble 30 jours et moins": null,
    "ILM": "051-099",
    "Bâtiment": "SHERBROOKE E RUE 14105",
    "Date de branchement": "2006-05-02",
    "RTA_MUNICIPALITE": "H1A_POINTE-AUX-TREMBLES",
    "Date début Ne Pas Cogner": null,
    "Offre ciblée": null,
    "Extension réseau": null,
    "Territoire équipe": "Montréal"
  },
  {
    "Client": "FRANCE LARIVIERE",
    "Résidence": "SHERBROOKE E RUE 12620 APP 12",
    "Compte client": "29203910",
    "Municipalité": "POINTE-AUX-TREMBLES",
    "Date débranchement": null,
    "Base payée": "Non",
    "Google Map URL": "https://www.google.ca/maps/place/12620+RUE+SHER...",
    "Cote de crédit": "0",
    "Dernière visite": "2025-03-27 17 h 12",
    "Dernier commentaire": null,
    "Services actuels": "TVN INC",
    "Raison débranchement": null,
    "Dernier statut 12 mois (filtre)": "Pas intéressé",
    "Date de dernière visite (1)": "2025-03-27 17 h 13",
    "Dernier statut": "Pas intéressé",
    "Détail du dernier statut": "Satisfait des services actuels",
    "Dernière visite par": "Djamel Rabia",
    "Rappel": null,
    "Date de fin du rabais consenti TSF": null,
    "Nb de services câblés": "2",
    "Services avant débranchement": null,
    "Code postal": "H1B1C9",
    "Validation de la porte": null,
    "Date de disponibilité du câble": "1990-11-05",
    "Disponibilité câble 30 jours et moins": null,
    "ILM": "012-023",
    "Bâtiment": "SHERBROOKE E RUE 12620",
    "Date de branchement": "1996-10-29",
    "RTA_MUNICIPALITE": "H1B_POINTE-AUX-TREMBLES",
    "Date début Ne Pas Cogner": null,
    "Offre ciblée": null,
    "Extension réseau": null,
    "Territoire équipe": "Montréal"
  },
  {
    "Client": "CLAUDE ROCH",
    "Résidence": "SHERBROOKE E RUE 14105 APP 116",
    "Compte client": "16002784",
    "Municipalité": "POINTE-AUX-TREMBLES",
    "Date débranchement": null,
    "Base payée": "Oui",
    "Google Map URL": "https://www.google.ca/maps/place/14105+RUE+SHER...",
    "Cote de crédit": "0",
    "Dernière visite": null,
    "Dernier commentaire": null,
    "Services actuels": "TVN INC TPC TSF",
    "Raison débranchement": null,
    "Dernier statut 12 mois (filtre)": "À visiter",
    "Date de dernière visite (1)": null,
    "Dernier statut": "À visiter",
    "Détail du dernier statut": null,
    "Dernière visite par": null,
    "Rappel": null,
    "Date de fin du rabais consenti TSF": "20260620_MG4",
    "Nb de services câblés": "3",
    "Services avant débranchement": null,
    "Code postal": "H1A3X5",
    "Validation de la porte": null,
    "Date de disponibilité du câble": "1990-11-05",
    "Disponibilité câble 30 jours et moins": null,
    "ILM": "051-099",
    "Bâtiment": "SHERBROOKE E RUE 14105",
    "Date de branchement": "1987-06-22",
    "RTA_MUNICIPALITE": "H1A_POINTE-AUX-TREMBLES",
    "Date début Ne Pas Cogner": null,
    "Offre ciblée": null,
    "Extension réseau": null,
    "Territoire équipe": "Montréal"
  },
  {
    "Client": "MOOUHAMED DAGBO",
    "Résidence": "SHERBROOKE E RUE 13910 APP 202",
    "Compte client": "78114911",
    "Municipalité": "POINTE-AUX-TREMBLES",
    "Date débranchement": null,
    "Base payée": "Non",
    "Google Map URL": "https://www.google.ca/maps/place/13910+RUE+SHER...",
    "Cote de crédit": "0",
    "Dernière visite": "2025-01-22 18 h 53",
    "Dernier commentaire": "Internet 30 legacy",
    "Services actuels": "INC TSF",
    "Raison débranchement": null,
    "Dernier statut 12 mois (filtre)": "Vente",
    "Date de dernière visite (1)": "2025-01-22 18 h 54",
    "Dernier statut": "Vente",
    "Détail du dernier statut": "Vente en porte à porte",
    "Dernière visite par": "William Kacogo",
    "Rappel": null,
    "Date de fin du rabais consenti TSF": null,
    "Nb de services câblés": "1",
    "Services avant débranchement": null,
    "Code postal": "H1A1C4",
    "Validation de la porte": null,
    "Date de disponibilité du câble": "1990-11-05",
    "Disponibilité câble 30 jours et moins": null,
    "ILM": "024-050",
    "Bâtiment": "SHERBROOKE E RUE 13910",
    "Date de branchement": "2024-10-04",
    "RTA_MUNICIPALITE": "H1A_POINTE-AUX-TREMBLES",
    "Date début Ne Pas Cogner": null,
    "Offre ciblée": null,
    "Extension réseau": null,
    "Territoire équipe": "Montréal"
  },
  {
    "Client": "ARTHUR LAVOIE",
    "Résidence": "SHERBROOKE E RUE 14005 APP 224",
    "Compte client": "75913184",
    "Municipalité": "POINTE-AUX-TREMBLES",
    "Date débranchement": null,
    "Base payée": "Oui",
    "Google Map URL": "https://www.google.ca/maps/place/14005+RUE+SHER...",
    "Cote de crédit": "0",
    "Dernière visite": "2025-03-19 18 h 55",
    "Dernier commentaire": null,
    "Services actuels": "TVN INC TSF",
    "Raison débranchement": null,
    "Dernier statut 12 mois (filtre)": "Vente",
    "Date de dernière visite (1)": "2025-03-19 18 h 56",
    "Dernier statut": "Vente",
    "Détail du dernier statut": "Vente en porte à porte",
    "Dernière visite par": "Djamel Rabia",
    "Rappel": null,
    "Date de fin du rabais consenti TSF": null,
    "Nb de services câblés": "2",
    "Services avant débranchement": null,
    "Code postal": "H1A3Y4",
    "Validation de la porte": null,
    "Date de disponibilité du câble": "1996-06-17",
    "Disponibilité câble 30 jours et moins": null,
    "ILM": "051-099",
    "Bâtiment": "SHERBROOKE E RUE 14005",
    "Date de branchement": "2016-05-02",
    "RTA_MUNICIPALITE": "H1A_POINTE-AUX-TREMBLES",
    "Date début Ne Pas Cogner": null,
    "Offre ciblée": null,
    "Extension réseau": null,
    "Territoire équipe": "Montréal"
  },
  {
    "Client": "Michel Gauthier",
    "Résidence": "SHERBROOKE E RUE 12620 APP 15",
    "Compte client": "1001473424",
    "Municipalité": "POINTE-AUX-TREMBLES",
    "Date débranchement": null,
    "Base payée": "Non",
    "Google Map URL": "https://www.google.ca/maps/place/12620+RUE+SHER...",
    "Cote de crédit": "0",
    "Dernière visite": "2025-03-27 16 h 49",
    "Dernier commentaire": null,
    "Services actuels": "INX",
    "Raison débranchement": null,
    "Dernier statut 12 mois (filtre)": "Absent",
    "Date de dernière visite (1)": "2025-03-27 16 h 51",
    "Dernier statut": "Absent",
    "Détail du dernier statut": null,
    "Dernière visite par": "Djamel Rabia",
    "Rappel": null,
    "Date de fin du rabais consenti TSF": null,
    "Nb de services câblés": "1",
    "Services avant débranchement": null,
    "Code postal": "H1B1C9",
    "Validation de la porte": null,
    "Date de disponibilité du câble": "1990-11-05",
    "Disponibilité câble 30 jours et moins": null,
    "ILM": "012-023",
    "Bâtiment": "SHERBROOKE E RUE 12620",
    "Date de branchement": "2024-02-09",
    "RTA_MUNICIPALITE": "H1B_POINTE-AUX-TREMBLES",
    "Date début Ne Pas Cogner": null,
    "Offre ciblée": null,
    "Extension réseau": null,
    "Territoire équipe": "Montréal"
  },
  {
    "Client": "CLAUDE GRAVEL",
    "Résidence": "SHERBROOKE E RUE 12620 APP 16",
    "Compte client": "49513770",
    "Municipalité": "POINTE-AUX-TREMBLES",
    "Date débranchement": null,
    "Base payée": "Non",
    "Google Map URL": "https://www.google.ca/maps/place/12620+RUE+SHER...",
    "Cote de crédit": "0",
    "Dernière visite": null,
    "Dernier commentaire": null,
    "Services actuels": "TVN INC TPC TSF",
    "Raison débranchement": null,
    "Dernier statut 12 mois (filtre)": "À visiter",
    "Date de dernière visite (1)": null,
    "Dernier statut": "À visiter",
    "Détail du dernier statut": null,
    "Dernière visite par": null,
    "Rappel": null,
    "Date de fin du rabais consenti TSF": null,
    "Nb de services câblés": "3",
    "Services avant débranchement": null,
    "Code postal": "H1B1C9",
    "Validation de la porte": null,
    "Date de disponibilité du câble": "1990-11-05",
    "Disponibilité câble 30 jours et moins": null,
    "ILM": "012-023",
    "Bâtiment": "SHERBROOKE E RUE 12620",
    "Date de branchement": "2002-09-12",
    "RTA_MUNICIPALITE": "H1B_POINTE-AUX-TREMBLES",
    "Date début Ne Pas Cogner": null,
    "Offre ciblée": null,
    "Extension réseau": null,
    "Territoire équipe": "Montréal"
  },
  {
    "Client": "RITA TREMBLAY",
    "Résidence": "SHERBROOKE E RUE 12610 APP 6",
    "Compte client": "60084499",
    "Municipalité": "POINTE-AUX-TREMBLES",
    "Date débranchement": null,
    "Base payée": "Non",
    "Google Map URL": "https://www.google.ca/maps/place/12610+RUE+SHER...",
    "Cote de crédit": "0",
    "Dernière visite": "2025-03-27 16 h 45",
    "Dernier commentaire": null,
    "Services actuels": "TVN",
    "Raison débranchement": null,
    "Dernier statut 12 mois (filtre)": "Pas intéressé",
    "Date de dernière visite (1)": "2025-03-27 16 h 46",
    "Dernier statut": "Pas intéressé",
    "Détail du dernier statut": "Satisfait des services actuels",
    "Dernière visite par": "Djamel Rabia",
    "Rappel": null,
    "Date de fin du rabais consenti TSF": null,
    "Nb de services câblés": "1",
    "Services avant débranchement": null,
    "Code postal": "H1B1C9",
    "Validation de la porte": null,
    "Date de disponibilité du câble": "1990-11-05",
    "Disponibilité câble 30 jours et moins": null,
    "ILM": "024-050",
    "Bâtiment": "SHERBROOKE E RUE 12610",
    "Date de branchement": "2006-06-07",
    "RTA_MUNICIPALITE": "H1B_POINTE-AUX-TREMBLES",
    "Date début Ne Pas Cogner": null,
    "Offre ciblée": null,
    "Extension réseau": null,
    "Territoire équipe": "Montréal"
  },
  {
    "Client": "ERIC PAYETTE",
    "Résidence": "SHERBROOKE E RUE 14105 APP 323",
    "Compte client": "57393702",
    "Municipalité": "POINTE-AUX-TREMBLES",
    "Date débranchement": null,
    "Base payée": "Oui",
    "Google Map URL": "https://www.google.ca/maps/place/14105+RUE+SHER...",
    "Cote de crédit": "4",
    "Dernière visite": "2025-03-20 16 h 39",
    "Dernier commentaire": null,
    "Services actuels": "TVN INC",
    "Raison débranchement": null,
    "Dernier statut 12 mois (filtre)": "Pas intéressé",
    "Date de dernière visite (1)": "2025-03-20 16 h 40",
    "Dernier statut": "Pas intéressé",
    "Détail du dernier statut": "Satisfait des services actuels",
    "Dernière visite par": "Djamel Rabia",
    "Rappel": null,
    "Date de fin du rabais consenti TSF": null,
    "Nb de services câblés": "2",
    "Services avant débranchement": null,
    "Code postal": "H1A3X5",
    "Validation de la porte": null,
    "Date de disponibilité du câble": "1990-11-05",
    "Disponibilité câble 30 jours et moins": null,
    "ILM": "051-099",
    "Bâtiment": "SHERBROOKE E RUE 14105",
    "Date de branchement": "2020-12-18",
    "RTA_MUNICIPALITE": "H1A_POINTE-AUX-TREMBLES",
    "Date début Ne Pas Cogner": null,
    "Offre ciblée": null,
    "Extension réseau": null,
    "Territoire équipe": "Montréal"
  },
  {
    "Client": "CATHY ARSENAULT",
    "Résidence": "SHERBROOKE E RUE 14105 APP 104",
    "Compte client": "66364965",
    "Municipalité": "POINTE-AUX-TREMBLES",
    "Date débranchement": "2022-12-14",
    "Base payée": "Oui",
    "Google Map URL": "https://www.google.ca/maps/place/14105+RUE+SHER...",
    "Cote de crédit": "0",
    "Dernière visite": "2025-03-20 16 h 19",
    "Dernier commentaire": null,
    "Services actuels": "TVN INC",
    "Raison débranchement": null,
    "Dernier statut 12 mois (filtre)": "Pas intéressé",
    "Date de dernière visite (1)": "2025-03-20 16 h 20",
    "Dernier statut": "Pas intéressé",
    "Détail du dernier statut": "Satisfait des services actuels",
    "Dernière visite par": "Djamel Rabia",
    "Rappel": null,
    "Date de fin du rabais consenti TSF": null,
    "Nb de services câblés": "2",
    "Services avant débranchement": null,
    "Code postal": "H1A3X5",
    "Validation de la porte": null,
    "Date de disponibilité du câble": "1990-11-05",
    "Disponibilité câble 30 jours et moins": null,
    "ILM": "051-099",
    "Bâtiment": "SHERBROOKE E RUE 14105",
    "Date de branchement": "2023-06-06",
    "RTA_MUNICIPALITE": "H1A_POINTE-AUX-TREMBLES",
    "Date début Ne Pas Cogner": null,
    "Offre ciblée": null,
    "Extension réseau": null,
    "Territoire équipe": "Montréal"
  }
]