{
  "Westmount": 197561,
  "Dorval": 197562,
  "Mont-Royal": 197567,
  "Hampstead": 197569,
  "Pointe-Claire": 197576,
  "Kirkland": 197577,
  "Beaconsfield": 197578,
  "Baie-D'Urfé": 197579,
  "Sainte-Anne-de-Bellevue": 197580,
  "Senneville": 197583,
  "Dollard-des-Ormeaux": 197601,
  "Laval": 1438336,
  "Nominingue": 1490833,
  "Notre-Dame-du-Laus": 1490834,
  "Lac-Bazinet": 1490835,
  "Lac-Ernest": 1490836,
  "Mont-Laurier": 1490837,
  "Lac-Douaire": 1490838,
  "Rivière-Rouge": 1490839,
  "Lac-Marguerite": 1490840,
  "Lac-de-la-Maison-de-Pierre": 1490841,
  "Notre-Dame-de-Pontmain": 1490843,
  "Lac-de-la-Pomme": 1490844,
  "Ferme-Neuve": 1490845,
  "Baie-des-Chaloupes": 1490846,
  "Lac-Oscar": 1490847,
  "Lac-De La Bidière": 1490848,
  "La Macaza": 1490849,
  "Lac-Akonapwehikan": 1490858,
  "Noyan": 1600477,
  "Saint-Armand": 1600478,
  "Saint-Blaise-sur-Richelieu": 1600479,
  "Venise-en-Québec": 1600480,
  "Henryville": 1600481,
  "Saint-Paul-de-l'Île-aux-Noix": 1600482,
  "Lacolle": 1600483,
  "Saint-Jean-sur-Richelieu": 1600484,
  "Sainte-Anne-de-Sabrevois": 1600485,
  "Clarenceville": 1600486,
  "Montréal": 1634158,
  "Montréal-Est": 1634159,
  "Québec": 2319206,
  "Deux-Montagnes": 2798489,
  "Brossard": 2812764,
  "L'Île-Dorval": 3421685,
  "Gatineau": 5356213,
  "Côte-Saint-Luc": 5361655,
  "Sherbrooke": 5915931,
  "Oka": 6451177,
  "Longueuil": 6948543,
  "Boucherville": 6948557,
  "Montréal-Ouest": 7022381,
  "Gracefield": 7041000,
  "Sainte-Thérèse-de-la-Gatineau": 7041001,
  "Blue Sea": 7041002,
  "Bouchette": 7041003,
  "Messines": 7041004,
  "Cayamant": 7041005,
  "Cantley": 7041122,
  "Val-des-Monts": 7041289,
  "Pontiac": 7041343,
  "Bristol": 7041406,
  "Clarendon": 7041407,
  "Portage-du-Fort": 7041555,
  "Campbell's Bay": 7041641,
  "Bryson": 7041642,
  "Litchfield": 7041643,
  "L'Île-du-Grand-Calumet": 7041732,
  "Thorne": 7041801,
  "Saint-Bruno-de-Montarville": 7042081,
  "Mansfield-et-Pontefract": 7045161,
  "Otter Lake": 7045223,
  "L'Isle-aux-Allumettes": 7045475,
  "Chichester": 7045476,
  "Waltham": 7045477,
  "Sheenboro": 7045546,
  "La Pêche": 7045685,
  "Chelsea": 7045744,
  "Denholm": 7045906,
  "Low": 7045907,
  "Kazabazua": 7045908,
  "Lac-Sainte-Marie": 7045909,
  "Alleyn-et-Cawood": 7045910,
  "Rapides-des-Joachims": 7351757,
  "Montcerf-Lytton": 7357977,
  "Egan-Sud": 7357978,
  "Maniwaki": 7357979,
  "Bois-Franc": 7358185,
  "Grand-Remous": 7358186,
  "Aumond": 7358187,
  "Déléage": 7358188,
  "Senneterre (ville)": 7359770,
  "Val-d'Or": 7359771,
  "La Tuque": 7359866,
  "Belcourt": 7359892,
  "Champneuf": 7359893,
  "La Corne": 7360008,
  "Landrienne": 7360009,
  "Barraute": 7360010,
  "Malartic": 7360108,
  "Rivière-Héva": 7360109,
  "La Motte": 7360110,
  "Preissac": 7360111,
  "Rouyn-Noranda": 7360112,
  "Taschereau": 7360198,
  "Authier": 7360199,
  "Sainte-Germaine-Boulé": 7360200,
  "Poularies": 7360201,
  "Palmarolle": 7360202,
  "Gallichan": 7360203,
  "Roquemaure": 7360204,
  "Rapide-Danseur": 7360205,
  "Duparquet": 7360206,
  "Saint-Marc-de-Figuery": 7360325,
  "Saint-Mathieu-d'Harricana": 7360326,
  "Sainte-Gertrude-Manneville": 7360327,
  "Trécesson": 7360328,
  "Launay": 7360329,
  "Berry": 7360330,
  "Authier-Nord": 7360331,
  "Saint-Dominique-du-Rosaire": 7360337,
  "Sainte-Anne-du-Lac": 7360361,
  "Lac-Saint-Paul": 7360492,
  "Mont-Saint-Michel": 7360493,
  "Lac-Saguay": 7360511,
  "Lac-des-Écorces": 7360512,
  "Chute-Saint-Philippe": 7360513,
  "L'Ascension": 7361694,
  "Kiamika": 7361739,
  "Duhamel": 7361793,
  "Bowman": 7361798,
  "Val-des-Bois": 7361939,
  "Lac-Simon": 7362049,
  "Montpellier": 7362050,
  "Lac-du-Cerf": 7362266,
  "Saint-Aimé-du-Lac-des-Îles": 7362282,
  "Lac-Tremblant-Nord": 7362392,
  "La Minerve": 7362393,
  "Labelle": 7362394,
  "Mont-Tremblant": 7362395,
  "Brébeuf": 7362396,
  "La Conception": 7362397,
  "Amherst": 7362398,
  "Lac-des-Plages": 7362399,
  "Lac-Supérieur": 7362415,
  "Ripon": 7547231,
  "Mulgrave-et-Derry": 7547232,
  "Mayo": 7547233,
  "L'Ange-Gardien": 7717053,
  "Saint-Sixte": 7549954,
  "Lochaber": 7549955,
  "Thurso": 7549956,
  "Lochaber-Partie-Ouest": 7549957,
  "Notre-Dame-de-la-Salette": 7570624,
  "Boileau": 7572122,
  "Fassett": 7572123,
  "Notre-Dame-de-Bonsecours": 7572124,
  "Montebello": 7572125,
  "Saint-Émile-de-Suffolk": 7572126,
  "Namur": 7572127,
  "Notre-Dame-de-la-Paix": 7572128,
  "Chénéville": 7572129,
  "Saint-André-Avellin": 7572130,
  "Papineauville": 7572131,
  "Plaisance": 7572132,
  "Lac-Duparquet": 7678914,
  "Val-Morin": 7692496,
  "Val-David": 7692497,
  "Sainte-Lucie-des-Laurentides": 7692498,
  "Lantier": 7692499,
  "Val-des-Lacs": 7692500,
  "Huberdeau": 7692501,
  "Arundel": 7692502,
  "Montcalm": 7692503,
  "Mont-Blanc": 7692504,
  "Ivry-sur-le-Lac": 7692505,
  "Sainte-Agathe-des-Monts": 7692507,
  "Barkmere": 7692508,
  "Notre-Dame-de-l'Île-Perrot": 7696234,
  "L'Île-Perrot": 7696235,
  "Pincourt": 7696236,
  "Terrasse-Vaudreuil": 7696237,
  "Pointe-des-Cascades": 7696238,
  "Vaudreuil-Dorion": 7696239,
  "Vaudreuil-sur-le-Lac": 7696240,
  "L'Île-Cadieux": 7696241,
  "Les Cèdres": 7696242,
  "Hudson": 7696243,
  "Saint-Clet": 7696244,
  "Saint-Lazare": 7696245,
  "Coteau-du-Lac": 7696246,
  "Saint-Zotique": 7696247,
  "Les Coteaux": 7696248,
  "Rivière-Beaudette": 7696249,
  "Saint-Télesphore": 7696250,
  "Saint-Polycarpe": 7696251,
  "Sainte-Justine-de-Newton": 7696252,
  "Très-Saint-Rédempteur": 7696253,
  "Sainte-Marthe": 7696254,
  "Rigaud": 7696255,
  "Pointe-Fortune": 7696256,
  "Mille-Isles": 7697269,
  "Gore": 7697270,
  "Lachute": 7697271,
  "Saint-André-d'Argenteuil": 7697272,
  "Wentworth": 7697273,
  "Brownsburg-Chatham": 7697274,
  "Harrington": 7697275,
  "Grenville-sur-la-Rouge": 7697276,
  "Grenville": 7697277,
  "Piedmont": 7697462,
  "Estérel": 7697463,
  "Sainte-Marguerite-du-Lac-Masson": 7697464,
  "Sainte-Adèle": 7697465,
  "Sainte-Anne-des-Lacs": 7697466,
  "Saint-Sauveur": 7697467,
  "Morin-Heights": 7697468,
  "Saint-Adolphe-d'Howard": 7697469,
  "Wentworth-Nord": 7697470,
  "Lac-des-Seize-Îles": 7697471,
  "Saint-Hippolyte": 7698649,
  "Sainte-Sophie": 7698650,
  "Prévost": 7698651,
  "Saint-Jérôme": 7698652,
  "Saint-Colomban": 7698653,
  "Saint-Eustache": 7699988,
  "Sainte-Marthe-sur-le-Lac": 7699989,
  "Saint-Joseph-du-Lac": 7699990,
  "Pointe-Calumet": 7699991,
  "Saint-Placide": 7699993,
  "Mirabel": 7699994,
  "Wendake": 7701011,
  "Sainte-Anne-des-Plaines": 7703988,
  "Bois-des-Filion": 7703989,
  "Lorraine": 7703990,
  "Blainville": 7703991,
  "Rosemère": 7703992,
  "Sainte-Thérèse": 7703993,
  "Boisbriand": 7703994,
  "Sainte-Marie-Salomé": 7704058,
  "Saint-Liguori": 7704059,
  "Saint-Jacques": 7704060,
  "Saint-Alexis": 7704061,
  "Sainte-Julienne": 7704062,
  "Saint-Calixte": 7704063,
  "Saint-Esprit": 7704064,
  "Saint-Roch-de-l'Achigan": 7704065,
  "Saint-Roch-Ouest": 7704066,
  "Saint-Lin–Laurentides": 7704067,
  "Mascouche": 7704069,
  "Terrebonne": 7704070,
  "Saint-Sulpice": 7706376,
  "L'Assomption": 7706379,
  "Repentigny": 7706380,
  "Charlemagne": 7706381,
  "Sainte-Mélanie": 7706446,
  "Notre-Dame-de-Lourdes": 8055274,
  "Saint-Thomas": 7706448,
  "Notre-Dame-des-Prairies": 7706449,
  "Saint-Ambroise-de-Kildare": 7706450,
  "Saint-Charles-Borromée": 7706451,
  "Joliette": 7706452,
  "Saint-Pierre": 7706453,
  "Crabtree": 7706454,
  "Saint-Paul": 7706455,
  "Saint-Michel-des-Saints": 7707045,
  "Saint-Zénon": 7707046,
  "Saint-Damien": 7707047,
  "Sainte-Émélie-de-l'Énergie": 7707048,
  "Saint-Jean-de-Matha": 7707049,
  "Saint-Félix-de-Valois": 7707050,
  "Saint-Côme": 7707051,
  "Sainte-Béatrix": 7707052,
  "Saint-Alphonse-Rodriguez": 7707053,
  "Sainte-Marcelline-de-Kildare": 7707054,
  "Saint-Donat": 8226225,
  "Chertsey": 7707056,
  "Notre-Dame-de-la-Merci": 7707057,
  "Entrelacs": 7707058,
  "Rawdon": 7707059,
  "Mandeville": 7710956,
  "Saint-Gabriel-de-Brandon": 7710957,
  "Saint-Gabriel": 7710958,
  "Saint-Didace": 7710959,
  "Saint-Barthélemy": 7710960,
  "Saint-Cuthbert": 7710961,
  "Saint-Ignace-de-Loyola": 7710962,
  "La Visitation-de-l'Île-Dupas": 7710963,
  "Saint-Cléophas-de-Brandon": 7710964,
  "Saint-Norbert": 7710965,
  "Sainte-Élisabeth": 7710966,
  "Sainte-Geneviève-de-Berthier": 7710967,
  "Berthierville": 7710968,
  "Lanoraie": 7710969,
  "Lavaltrie": 7710970,
  "Saint-Alexis-des-Monts": 7711418,
  "Saint-Mathieu-du-Parc": 7711419,
  "Saint-Boniface": 7711420,
  "Saint-Étienne-des-Grès": 7711421,
  "Saint-Élie-de-Caxton": 7711422,
  "Charette": 7711423,
  "Saint-Barnabé": 7711424,
  "Saint-Paulin": 7711425,
  "Saint-Sévère": 7711426,
  "Yamachiche": 7711428,
  "Sainte-Angèle-de-Prémont": 7711431,
  "Saint-Léon-le-Grand": 8268169,
  "Sainte-Ursule": 7711433,
  "Louiseville": 7711434,
  "Saint-Édouard-de-Maskinongé": 7711435,
  "Saint-Justin": 7711436,
  "Maskinongé (municipalité)": 7711437,
  "Saint-Stanislas": 8374000,
  "Saint-Narcisse": 7711545,
  "Sainte-Geneviève-de-Batiscan": 7711546,
  "Batiscan": 7711547,
  "Saint-Luc-de-Vincennes": 7711548,
  "Champlain": 7711549,
  "Saint-Maurice": 7711550,
  "Notre-Dame-du-Mont-Carmel": 7711551,
  "Shawinigan": 7711552,
  "Trois-Rivières": 7711553,
  "Saint-Tite": 7715906,
  "Saint-Augustin-de-Desmaures": 7716091,
  "L'Ancienne-Lorette": 7716093,
  "Stoneham-et-Tewkesbury": 7716425,
  "Sainte-Brigitte-de-Laval": 7716426,
  "Lac-Beauport": 7716427,
  "Lac-Delage": 7716428,
  "Saint-Gabriel-de-Valcartier": 7716429,
  "Shannon": 7716430,
  "Lac-Saint-Joseph": 7716431,
  "Fossambault-sur-le-Lac": 7716432,
  "Sainte-Catherine-de-la-Jacques-Cartier": 7716433,
  "Lac-Édouard": 7716488,
  "La Bostonnais": 7716489,
  "Saint-Tite-des-Caps": 7717046,
  "Saint-Louis-de-Gonzague-du-Cap-Tourmente": 7717048,
  "Saint-Ferréol-les-Neiges": 7717049,
  "Beaupré": 7717050,
  "Sainte-Anne-de-Beaupré": 7717051,
  "Château-Richer": 7717052,
  "Boischatel": 7717054,
  "Baie-Sainte-Catherine": 7717110,
  "Saint-Siméon": 8271760,
  "Saint-Irénée": 7717112,
  "Clermont": 8363568,
  "La Malbaie": 7717114,
  "Saint-Aimé-des-Lacs": 7717115,
  "Notre-Dame-des-Monts": 7717116,
  "Saint-Hilarion": 7717118,
  "Les Éboulements": 7717119,
  "Saint-Urbain": 7717120,
  "L'Isle-aux-Coudres": 7717121,
  "Baie-Saint-Paul": 7717122,
  "Petite-Rivière-Saint-François": 7717123,
  "Baie-Trinité": 7719053,
  "Godbout": 7719054,
  "Franquelin": 7719055,
  "Baie-Comeau": 7719056,
  "Pointe-Lebel": 7719057,
  "Pointe-aux-Outardes": 7719058,
  "Chute-aux-Outardes": 7719059,
  "Ragueneau": 7719060,
  "Colombier": 7719063,
  "Forestville": 7719064,
  "Portneuf-sur-Mer": 7719065,
  "Longue-Rive": 7719066,
  "Les Escoumins": 7719067,
  "Les Bergeronnes": 7719068,
  "Sacré-Coeur": 7719069,
  "Tadoussac": 7719070,
  "Schefferville": 7722328,
  "Fermont": 7722329,
  "Sept-Îles": 7722332,
  "Port-Cartier": 7722335,
  "L'Île-d'Anticosti": 7734508,
  "Natashquan": 7734510,
  "Aguanish": 7734511,
  "Baie-Johan-Beetz": 7734512,
  "Havre-Saint-Pierre": 7734513,
  "Longue-Pointe-de-Mingan": 7734515,
  "Rivière-Saint-Jean": 8237876,
  "Rivière-au-Tonnerre": 7734517,
  "Blanc-Sablon": 7734572,
  "Bonne-Espérance": 7734573,
  "Saint-Augustin": 8374228,
  "Gros-Mécatina": 7734577,
  "Côte-Nord-du-Golfe-du-Saint-Laurent": 7734578,
  "Howick": 7743220,
  "Très-Saint-Sacrement": 7743221,
  "Saint-Chrysostome": 7743222,
  "Havelock": 7743223,
  "Franklin": 7743224,
  "Ormstown": 7743225,
  "Hinchinbrooke": 7743226,
  "Huntingdon": 7743227,
  "Elgin": 7743228,
  "Sainte-Barbe": 7743229,
  "Godmanchester": 7743230,
  "Saint-Anicet": 7743231,
  "Dundee": 7743232,
  "Beauharnois": 7765238,
  "Saint-Urbain-Premier": 7765239,
  "Sainte-Martine": 7765240,
  "Saint-Étienne-de-Beauharnois": 7765241,
  "Saint-Louis-de-Gonzague": 8191115,
  "Salaberry-de-Valleyfield": 7765243,
  "Saint-Stanislas-de-Kostka": 7765244,
  "Napierville": 7785072,
  "Saint-Cyprien-de-Napierville": 7785073,
  "Saint-Jacques-le-Mineur": 7785074,
  "Saint-Édouard": 7785075,
  "Saint-Patrice-de-Sherrington": 7785076,
  "Saint-Bernard-de-Lacolle": 7785077,
  "Saint-Michel": 7785078,
  "Saint-Rémi": 7785079,
  "Sainte-Clotilde": 7785080,
  "Hemmingford (village)": 7785081,
  "Hemmingford (canton)": 7785082,
  "Candiac": 7785147,
  "Sainte-Catherine": 7785148,
  "La Prairie": 7785149,
  "Delson": 7785150,
  "Saint-Philippe": 7785151,
  "Saint-Mathieu": 7785152,
  "Saint-Constant": 7785153,
  "Saint-Isidore": 8180114,
  "Châteauguay": 7785155,
  "Mercier": 7785156,
  "Léry": 7785157,
  "Sainte-Brigide-d'Iberville": 7820569,
  "Mont-Saint-Grégoire": 7820570,
  "Saint-Alexandre": 7820571,
  "Saint-Sébastien": 8064418,
  "Saint-Valentin": 7820573,
  "Saint-Jean-Baptiste": 7903219,
  "Mont-Saint-Hilaire": 7903220,
  "Saint-Charles-sur-Richelieu": 7903221,
  "Saint-Denis-sur-Richelieu": 7903222,
  "Saint-Antoine-sur-Richelieu": 7903223,
  "Saint-Marc-sur-Richelieu": 7903224,
  "Otterburn Park": 7903225,
  "McMasterville": 7903226,
  "Beloeil": 7903227,
  "Saint-Mathieu-de-Beloeil": 7903228,
  "Saint-Basile-le-Grand": 7903229,
  "Chambly": 7903230,
  "Carignan": 7903231,
  "Contrecœur": 7903241,
  "Calixa-Lavallée": 7903242,
  "Verchères": 7903243,
  "Saint-Amable": 7903244,
  "Sainte-Julie": 7903245,
  "Varennes": 7903246,
  "Saint-Paul-d'Abbotsford": 7903249,
  "Ange-Gardien": 7903250,
  "Saint-Césaire": 7903251,
  "Rougemont": 7903252,
  "Sainte-Angèle-de-Monnoir": 7903253,
  "Marieville": 7903254,
  "Richelieu": 7903255,
  "Saint-Mathias-sur-Richelieu": 7903256,
  "Bolton-Ouest": 7926990,
  "Abercorn": 7926991,
  "Sutton": 7926992,
  "Brome": 7926993,
  "Lac-Brome": 7926994,
  "Bromont": 7926995,
  "Brigham": 7926996,
  "East Farnham": 7926997,
  "Cowansville": 7926998,
  "Dunham": 7926999,
  "Saint-Ignace-de-Stanbridge": 7927000,
  "Frelighsburg": 7927001,
  "Stanbridge East": 7927002,
  "Farnham": 7927003,
  "Sainte-Sabine": 8199039,
  "Notre-Dame-de-Stanbridge": 7927005,
  "Bedford (Ville)": 7927006,
  "Bedford (Canton)": 7927007,
  "Stanbridge Station": 7927008,
  "Pike River": 7927009,
  "Saint-Joachim-de-Shefford": 7927016,
  "Warden": 7927017,
  "Waterloo": 7927018,
  "Shefford": 7927019,
  "Roxton Pond": 7927020,
  "Sainte-Cécile-de-Milton": 7927021,
  "Granby": 7927022,
  "Saint-Alphonse-de-Granby": 7927023,
  "Sainte-Hélène-de-Bagot": 7927117,
  "Saint-Hugues": 7927118,
  "Saint-Marcel-de-Richelieu": 7927119,
  "Saint-Louis": 7927120,
  "Saint-Simon": 7927121,
  "Saint-Barnabé-Sud": 7927122,
  "Saint-Jude": 7927123,
  "Saint-Bernard-de-Michaudville": 7927124,
  "Saint-Liboire": 7927125,
  "Saint-Valérien-de-Milton": 7927126,
  "Saint-Dominique": 7927127,
  "Saint-Pie": 7927128,
  "Saint-Hyacinthe": 7927129,
  "La Présentation": 7927130,
  "Sainte-Madeleine": 7927131,
  "Sainte-Marie-Madeleine": 7927132,
  "Saint-Damase": 8234681,
  "Saint-David": 7932156,
  "Saint-Gérard-Majella": 7932157,
  "Massueville": 7932158,
  "Saint-Aimé": 7932159,
  "Yamaska": 7932160,
  "Saint-Robert": 7932161,
  "Sainte-Anne-de-Sorel": 7932162,
  "Sainte-Victoire-de-Sorel": 7932163,
  "Sorel-Tracy": 7932164,
  "Saint-Ours": 7932165,
  "Saint-Roch-de-Richelieu": 7932166,
  "Drummondville": 7932209,
  "Sainte-Brigitte-des-Saults": 7932210,
  "Notre-Dame-du-Bon-Conseil (village)": 7932211,
  "Notre-Dame-du-Bon-Conseil (paroisse)": 7932212,
  "Saint-Cyrille-de-Wendover": 7932213,
  "Saint-Lucien": 7932214,
  "Saint-Félix-de-Kingsey": 7932215,
  "L'Avenir": 7932216,
  "Durham-Sud": 7932217,
  "Lefebvre": 7932218,
  "Wickham": 7932219,
  "Saint-Germain-de-Grantham": 7932220,
  "Saint-Majorique-de-Grantham": 7932221,
  "Saint-Eugène": 7932222,
  "Saint-Edmond-de-Grantham": 7932223,
  "Saint-Guillaume": 7932224,
  "Saint-Bonaventure": 7932225,
  "Saint-Pie-de-Guire": 7932226,
  "Béthanie": 7932240,
  "Roxton Falls": 7932241,
  "Roxton": 7932242,
  "Sainte-Christine": 7932243,
  "Acton Vale": 7932244,
  "Upton": 7932245,
  "Saint-Théodore-d'Acton": 7932246,
  "Saint-Nazaire-d'Acton": 7932247,
  "Stoke": 7950472,
  "Saint-Claude": 7950473,
  "Val-Joli": 7950474,
  "Windsor": 7950475,
  "Saint-François-Xavier-de-Brompton": 7950476,
  "Saint-Denis-de-Brompton": 7950477,
  "Canton de Cleveland": 7950478,
  "Ville de Richmond": 7950479,
  "Canton de Melbourne": 7950480,
  "Kingsbury": 7950481,
  "Ulverton": 7950482,
  "Racine": 7950483,
  "Maricourt": 7950484,
  "Valcourt (Canton)": 7950485,
  "Valcourt (ville)": 7950486,
  "Lawrenceville": 7950487,
  "Bonsecours": 7950488,
  "Sainte-Anne-de-la-Rochelle": 7950489,
  "Eastman": 7950490,
  "Stukely-Sud": 7950491,
  "Hatley (Canton)": 7953109,
  "North Hatley": 7953110,
  "Hatley": 7953111,
  "Ayer's Cliff": 7953112,
  "Sainte-Catherine-de-Hatley": 7953113,
  "Stanstead (Ville)": 7953114,
  "Ogden": 7953115,
  "Stanstead (Canton)": 7953116,
  "Magog": 7953117,
  "Orford": 7953118,
  "Saint-Benoît-du-Lac": 7953119,
  "Austin": 7953120,
  "Potton": 7953121,
  "Bolton-Est": 7953122,
  "Saint-Étienne-de-Bolton": 7953123,
  "Saint-Venant-de-Paquette": 7953155,
  "East Hereford": 7953156,
  "Saint-Herménégilde": 7953157,
  "Saint-Malo": 7953158,
  "Sainte-Edwidge-de-Clifton": 7953159,
  "Martinville": 7953160,
  "Dixville": 7953161,
  "Compton": 7953162,
  "Coaticook": 7953163,
  "Waterville": 7953164,
  "Barnston-Ouest": 7953165,
  "Stanstead-Est": 7953166,
  "Weedon": 7953228,
  "Lingwick": 7953229,
  "Scotstown": 7953230,
  "Hampden": 7953231,
  "Bury": 7953232,
  "Dudswell": 7953233,
  "East Angus": 7953234,
  "La Patrie": 7953235,
  "Chartierville": 7953236,
  "Newport": 7953237,
  "Saint-Isidore-de-Clifton": 7953238,
  "Cookshire-Eaton": 7953239,
  "Westbury": 7953240,
  "Ascot Corner": 7953241,
  "Ham-Sud": 7997177,
  "Saint-Adrien": 7997178,
  "Wotton": 7997179,
  "Saint-Camille": 7997180,
  "Saint-Georges-de-Windsor": 7997181,
  "Val-des-Sources": 7997182,
  "Danville": 7997183,
  "Saint-Louis-de-Blandford": 7997254,
  "Maddington Falls": 7997255,
  "Daveluyville": 7997256,
  "Saint-Rosaire": 7997258,
  "Saint-Norbert-d'Arthabaska": 7997259,
  "Victoriaville": 7997260,
  "Saint-Valère": 7997261,
  "Saint-Albert": 7997262,
  "Sainte-Hélène-de-Chester": 7997263,
  "Saint-Christophe-d'Arthabaska": 7997264,
  "Warwick": 7997265,
  "Sainte-Élizabeth-de-Warwick": 7997266,
  "Saint-Samuel": 7997267,
  "Sainte-Clotilde-de-Horton": 7997268,
  "Sainte-Séraphine": 7997269,
  "Kingsey Falls": 7997270,
  "Tingwick": 7997271,
  "Chesterville": 7997272,
  "Saint-Rémi-de-Tingwick": 7997273,
  "Notre-Dame-de-Ham": 7997274,
  "Ham-Nord": 7997275,
  "Saints-Martyrs-Canadiens": 7997276,
  "Grosses-Roches": 7998289,
  "Saint-Jean-de-Cherbourg": 7998290,
  "Les Méchins": 7998291,
  "Sainte-Félicité": 8201831,
  "Saint-Adelme": 7998293,
  "Saint-René-de-Matane": 7998294,
  "Sainte-Paule": 7998295,
  "Saint-Léandre": 7998296,
  "Matane": 7998297,
  "Saint-Ulric": 7998298,
  "Baie-des-Sables": 7998299,
  "Rivière-Bonjour": 8001955,
  "Saint-Wenceslas": 8042765,
  "Aston-Jonction": 8042766,
  "Sainte-Eulalie": 8042767,
  "Saint-Léonard-d'Aston": 8042768,
  "Saint-Célestin (village)": 8042769,
  "Saint-Célestin (municipalité)": 8042770,
  "Grand-Saint-Esprit": 8042771,
  "Sainte-Perpétue": 8201832,
  "Sainte-Monique": 8374475,
  "Nicolet": 8042774,
  "La Visitation-de-Yamaska": 8042775,
  "Saint-Zéphirin-de-Courval": 8042776,
  "Saint-Elphège": 8042777,
  "Baie-du-Febvre": 8042778,
  "Pierreville": 8042779,
  "Saint-François-du-Lac": 8042780,
  "Deschaillons-sur-Saint-Laurent": 8042833,
  "Parisville": 8042834,
  "Saint-Pierre-les-Becquets": 8042835,
  "Bécancour": 8042836,
  "Sainte-Cécile-de-Lévrard": 8042837,
  "Fortierville": 8042838,
  "Sainte-Françoise": 8228421,
  "Sainte-Sophie-de-Lévrard": 8042840,
  "Sainte-Marie-de-Blandford": 8042841,
  "Manseau": 8042842,
  "Lemieux": 8042843,
  "Saint-Sylvère": 8042844,
  "Inverness": 8055268,
  "Lyster": 8055269,
  "Laurierville": 8055270,
  "Saint-Pierre-Baptiste": 8055271,
  "Saint-Ferdinand": 8055272,
  "Sainte-Sophie-d'Halifax": 8055273,
  "Plessisville": 8055276,
  "Princeville": 8055277,
  "Villeroy": 8055278,
  "Sainte-Clotilde-de-Beauce": 8055322,
  "East Broughton": 8055323,
  "Sacré-Coeur-de-Jésus": 8055324,
  "Saint-Pierre-de-Broughton": 8055325,
  "Adstock": 8055326,
  "Thetford Mines": 8055327,
  "Sainte-Praxède": 8055328,
  "Saint-Joseph-de-Coleraine": 8055329,
  "Disraeli (ville)": 8055330,
  "Disraeli (paroisse)": 8055331,
  "Beaulac-Garthby": 8055332,
  "Saint-Jacques-de-Leeds": 8055333,
  "Kinnear's Mills": 8055334,
  "Saint-Jean-de-Brébeuf": 8055335,
  "Saint-Adrien-d'Irlande": 8055336,
  "Irlande": 8055337,
  "Saint-Julien": 8055338,
  "Saint-Jacques-le-Majeur-de-Wolfestown": 8055339,
  "Saint-Fortunat": 8055340,
  "Saint-Robert-Bellarmin": 8064411,
  "Saint-Ludger": 8064412,
  "Audet": 8064413,
  "Lac-Drolet": 8064414,
  "Frontenac": 8064415,
  "Lac-Mégantic": 8064416,
  "Sainte-Cécile-de-Whitton": 8064417,
  "Lambton": 8064420,
  "Saint-Augustin-de-Woburn": 8064421,
  "Piopolis": 8064422,
  "Marston": 8064423,
  "Nantes": 8064424,
  "Saint-Romain": 8064425,
  "Stornoway": 8064426,
  "Notre-Dame-des-Bois": 8064427,
  "Val-Racine": 8064428,
  "Milan": 8064429,
  "Stratford": 8064430,
  "Saint-Simon-les-Mines": 8089940,
  "Notre-Dame-des-Pins": 8089941,
  "Saint-Philibert": 8089942,
  "Saint-Georges": 8089943,
  "Saint-Côme–Linière": 8089944,
  "Saint-René": 8089945,
  "Lac-Poulin": 8089946,
  "Saint-Benoît-Labre": 8089947,
  "Saint-Martin": 8089948,
  "Saint-Théophile": 8089949,
  "Saint-Honoré-de-Shenley": 8089950,
  "Saint-Gédéon-de-Beauce": 8089951,
  "Saint-Hilaire-de-Dorset": 8089952,
  "Saint-Éphrem-de-Beauce": 8089953,
  "La Guadeloupe": 8089954,
  "Saint-Odilon-de-Cranbourne": 8090028,
  "Saint-Joseph-de-Beauce": 8090029,
  "Vallée-Jonction": 8090030,
  "Saint-Joseph-des-Érables": 8090031,
  "Beauceville": 8090032,
  "Saint-Alfred": 8090033,
  "Saint-Victor": 8090034,
  "Saint-Jules": 8090035,
  "Tring-Jonction": 8090036,
  "Saint-Frédéric": 8090037,
  "Saint-Séverin": 8393957,
  "Saint-Laurent-de-l'Île-d'Orléans": 8099222,
  "Sainte-Pétronille": 8099223,
  "Saint-Pierre-de-l'Île-d'Orléans": 8099224,
  "Sainte-Famille-de-l'Île-d'Orléans": 8099225,
  "Saint-Jean-de-l'Île-d'Orléans": 8099226,
  "Saint-François-de-l'Île-d'Orléans": 8099227,
  "Cascades-Malignes": 8103023,
  "Lac-Lenôtre": 8103024,
  "Dépôt-Échouani": 8103025,
  "Lac-Moselle": 8103026,
  "Lac-Nilgaut": 8106705,
  "Lac-Pythonga": 8106706,
  "Lac-Despinassy": 8107216,
  "Saint-Antoine-de-Tilly": 8110655,
  "Sainte-Croix": 8110656,
  "Notre-Dame-du-Sacré-Coeur-d'Issoudun": 8110657,
  "Saint-Apollinaire": 8110658,
  "Saint-Agapit": 8110659,
  "Saint-Gilles": 8110660,
  "Laurier-Station": 8110661,
  "Saint-Flavien": 8110662,
  "Dosquet": 8110663,
  "Lotbinière": 8110664,
  "Saint-Édouard-de-Lotbinière": 8110665,
  "Leclercville": 8110666,
  "Saint-Janvier-de-Joly": 8110667,
  "Val-Alain": 8110668,
  "Saint-Narcisse-de-Beaurivage": 8110669,
  "Saint-Patrice-de-Beaurivage": 8110670,
  "Sainte-Agathe-de-Lotbinière": 8110671,
  "Saint-Sylvestre": 8110672,
  "Saint-Alban": 8114649,
  "Sainte-Christine-d'Auvergne": 8114650,
  "Lac-Sergent": 8114651,
  "Saint-Raymond": 8114652,
  "Saint-Léonard-de-Portneuf": 8114653,
  "Rivière-à-Pierre": 8114654,
  "Lac-Lapeyrere": 8114655,
  "Linton": 8114656,
  "Lac-Blanc": 8114657,
  "Lac-Croche": 8114658,
  "Lac-Jacques-Cartier": 8114659,
  "Chibougamau": 8118158,
  "Saint-André-de-Kamouraska": 8120202,
  "Saint-Germain-de-Kamouraska": 8120203,
  "Kamouraska": 8120204,
  "Saint-Denis-De La Bouteillerie": 8120205,
  "Rivière-Ouelle": 8120206,
  "La Pocatière": 8120207,
  "Sainte-Anne-de-la-Pocatière": 8120208,
  "Saint-Onésime-d'Ixworth": 8120209,
  "Petit-Lac-Sainte-Anne": 8120210,
  "Saint-André-du-Lac-Saint-Jean": 8134378,
  "La Trinité-des-Monts": 8138184,
  "Esprit-Saint": 8138185,
  "Lac-Huron": 8138186,
  "Saint-Eugène-de-Ladrière": 8138187,
  "Saint-Valérien": 8138188,
  "Saint-Narcisse-de-Rimouski": 8138189,
  "Saint-Anaclet-de-Lessard": 8138190,
  "Saint-Marcellin": 8138191,
  "Saint-Fabien": 8138192,
  "Rimouski": 8138193,
  "Petit-Mécatina": 8145537,
  "Lac-Jérôme": 8146388,
  "Sault-au-Cochon": 8146885,
  "Mont-Élie": 8147782,
  "Sagard": 8147783,
  "Routhierville": 8150455,
  "Saint-Vianney": 8150456,
  "Saint-Tharcisius": 8150929,
  "Saint-Alexandre-des-Lacs": 8150930,
  "Sainte-Marguerite-Marie": 8150931,
  "Causapscal": 8150932,
  "Lac-Casault": 8150933,
  "Ruisseau-des-Mineurs": 8150934,
  "Coulée-des-Adolphe": 8154702,
  "Cap-Chat": 8154704,
  "Larouche": 8158183,
  "Saguenay": 8158186,
  "Saint-Ludger-de-Milot": 8160414,
  "La Doré": 8160415,
  "Saint-Félicien": 8160416,
  "Normandin": 8160417,
  "Lac-Ashuapmushuan": 8160418,
  "Rivière-Mistassini": 8160420,
  "Lac-Bouchette": 8160578,
  "Roberval": 8160826,
  "Saint-Prime": 8160827,
  "Rivière-Ojima": 8161442,
  "Réservoir-Dozois": 8161780,
  "Ville-Marie": 8163999,
  "Sainte-Marguerite": 8164172,
  "Lévis": 8164410,
  "Sainte-Hedwidge": 8164878,
  "Saint-François-de-Sales": 8164879,
  "Chambord": 8164880,
  "Notre-Dame-du-Portage": 8166514,
  "Picard": 8166516,
  "Frampton": 8180107,
  "Saints-Anges": 8180108,
  "Sainte-Marie": 8180109,
  "Saint-Elzéar": 8408070,
  "Scott": 8180112,
  "Sainte-Hénédine": 8180113,
  "Saint-Bernard": 8180115,
  "Saint-Lambert-de-Lauzon": 8180116,
  "Armagh": 8180267,
  "Saint-Nérée-de-Bellechasse": 8180268,
  "Saint-Raphaël": 8180269,
  "La Durantaye": 8180270,
  "Saint-Vallier": 8180271,
  "Saint-Michel-de-Bellechasse": 8180272,
  "Beaumont": 8180273,
  "Saint-Charles-de-Bellechasse": 8180274,
  "Saint-Gervais": 8180275,
  "Saint-Lazare-de-Bellechasse": 8180276,
  "Saint-Damien-de-Buckland": 8180277,
  "Saint-Philémon": 8180278,
  "Notre-Dame-Auxiliatrice-de-Buckland": 8180279,
  "Honfleur": 8180280,
  "Saint-Nazaire-de-Dorchester": 8180281,
  "Saint-Léon-de-Standon": 8180282,
  "Saint-Malachie": 8180283,
  "Sainte-Claire": 8180284,
  "Saint-Anselme": 8180285,
  "Saint-Henri": 8180286,
  "Berthier-sur-Mer": 8188523,
  "Saint-Antoine-de-l'Isle-aux-Grues": 8188524,
  "Montmagny": 8188525,
  "Cap-Saint-Ignace": 8188526,
  "L'Islet": 8188527,
  "Saint-Roch-des-Aulnaies": 8188529,
  "Saint-Jean-Port-Joli": 8188530,
  "Rivière-du-Loup": 8189523,
  "Saint-Alexandre-de-Kamouraska": 8189524,
  "Sainte-Hélène-de-Kamouraska": 8189525,
  "Saint-Joseph-de-Kamouraska": 8189526,
  "Tourville": 8189527,
  "Notre-Dame-du-Rosaire": 8189528,
  "Sainte-Euphémie-sur-Rivière-du-Sud": 8189529,
  "Saint-Pierre-de-la-Rivière-du-Sud": 8189530,
  "Saint-François-de-la-Rivière-du-Sud": 8189531,
  "Saint-Damase-de-l'Islet": 8189532,
  "Sainte-Louise": 8189533,
  "Saint-Aubert": 8189534,
  "Saint-Cyrille-de-Lessard": 8189535,
  "Saint-Camille-de-Lellis": 8191113,
  "Saint-Cyprien": 8228986,
  "Sainte-Aurélie": 8191116,
  "Saint-Zacharie": 8191117,
  "Saint-Fabien-de-Panet": 8194984,
  "Saint-Paul-de-Montminy": 8194985,
  "Sainte-Apolline-de-Patton": 8195805,
  "Saint-Marcel": 8195806,
  "Lac-Etchemin": 8199036,
  "Sainte-Justine": 8199037,
  "Saint-Luc-de-Bellechasse": 8199038,
  "Saint-Magloire": 8199040,
  "Sainte-Lucie-de-Beauregard": 8201830,
  "Saint-Prosper": 8201833,
  "Sainte-Rose-de-Watford": 8201834,
  "Saint-Benjamin": 8201835,
  "Donnacona": 8205571,
  "Pont-Rouge": 8205572,
  "Neuville": 8205573,
  "Saint-Omer": 8216424,
  "Saint-Pamphile": 8216425,
  "Saint-Adalbert": 8216426,
  "Lac-Frontière": 8216427,
  "Saint-Just-de-Bretenières": 8216428,
  "Mont-Carmel": 8217847,
  "Saint-Pacôme": 8217848,
  "Saint-Gabriel-Lalemant": 8217849,
  "Saint-Philippe-de-Néri": 8223958,
  "Saint-Antonin": 8223959,
  "Saint-Modeste": 8223960,
  "Pohénégamook": 8223961,
  "Saint-Athanase": 8223962,
  "Saint-Bruno-de-Kamouraska": 8223963,
  "Saint-Pascal": 8223964,
  "Sainte-Luce": 8226226,
  "Cacouna": 8227654,
  "Saint-Arsène": 8227655,
  "Saint-Épiphane": 8227656,
  "Saint-François-Xavier-de-Viger": 8227657,
  "Saint-Hubert-de-Rivière-du-Loup": 8227658,
  "Saint-Honoré-de-Témiscouata": 8228145,
  "L'Isle-Verte": 8228146,
  "Notre-Dame-des-Sept-Douleurs": 8228147,
  "Saint-Jean-de-Dieu": 8228418,
  "Sainte-Rita": 8228419,
  "Notre-Dame-des-Neiges": 8228422,
  "Saint-Éloi": 8228423,
  "Saint-Clément": 8228424,
  "Saint-Paul-de-la-Croix": 8228425,
  "Trois-Pistoles": 8228426,
  "Saint-Michel-du-Squatec": 8228985,
  "Témiscouata-sur-le-Lac": 8228987,
  "Saint-Elzéar-de-Témiscouata": 8228988,
  "Saint-Pierre-de-Lamy": 8228989,
  "Saint-Louis-du-Ha! Ha!": 8228990,
  "Saint-Médard": 8228991,
  "Saint-Guy": 8228992,
  "Lac-Boisbouscache": 8228993,
  "Saint-Mathieu-de-Rioux": 8228994,
  "Saint-Simon-de-Rimouski": 8228995,
  "Métis-sur-Mer": 8232989,
  "Grand-Métis": 8232990,
  "Mont-Joli": 8232991,
  "Sainte-Flavie": 8232992,
  "Price": 8232993,
  "Saint-Octave-de-Métis": 8234650,
  "Saint-Joseph-de-Lepage": 8234651,
  "Padoue": 8234682,
  "Sainte-Angèle-de-Mérici": 8234683,
  "Saint-Gabriel-de-Rimouski": 8234684,
  "Biencourt": 8234773,
  "Gaspé": 8237761,
  "Percé": 8237764,
  "Grande-Vallée": 8237873,
  "Petite-Vallée": 8237874,
  "Cloridorme": 8237875,
  "Sainte-Madeleine-de-la-Rivière-Madeleine": 8237926,
  "Rivière-à-Claude": 8240793,
  "Mont-Saint-Pierre": 8240794,
  "Saint-Maxime-du-Mont-Louis": 8240795,
  "Mont-Albert": 8240888,
  "Sainte-Anne-des-Monts": 8240889,
  "La Martre": 8240890,
  "Marsoui": 8240891,
  "Lejeune": 8241002,
  "Murdochville": 8242523,
  "Saint-Juste-du-Lac": 8244469,
  "Auclair": 8244470,
  "Dégelis": 8244471,
  "Grande-Rivière": 8244714,
  "Sainte-Thérèse-de-Gaspé": 8244715,
  "Rivière-Bleue": 8244716,
  "Saint-Marc-du-Lac-Long": 8244717,
  "Saint-Jean-de-la-Lande": 8244718,
  "Packington": 8244719,
  "Saint-Eusèbe": 8244720,
  "Sainte-Jeanne-d'Arc": 8374210,
  "Saint-Moïse": 8262621,
  "Saint-Noël": 8262622,
  "Val-Brillant": 8262623,
  "Sayabec": 8262624,
  "Lac-Matapédia": 8262625,
  "Lac-au-Saumon": 8262627,
  "Amqui": 8262628,
  "La Rédemption": 8264390,
  "Saint-Cléophas": 8264391,
  "Albertville": 8265748,
  "Les Hauteurs": 8268165,
  "Rivière-Vaseuse": 8268166,
  "Saint-Zénon-du-Lac-Humqui": 8268167,
  "Lac-Alfred": 8268168,
  "Sainte-Irène": 8268170,
  "Saint-Charles-Garnier": 8268275,
  "Port-Daniel-Gascons": 8271756,
  "Paspébiac": 8271757,
  "New Carlisle": 8271758,
  "Bonaventure": 8271759,
  "Caplan": 8271761,
  "New Richmond": 8271762,
  "Escuminac": 8271763,
  "Nouvelle": 8271764,
  "Carleton-sur-Mer": 8271765,
  "Maria": 8271767,
  "Saint-François-d'Assise": 8271768,
  "L'Ascension-de-Patapédia": 8271769,
  "Ruisseau-Ferguson": 8271770,
  "Rivière-Patapédia-Est": 8271771,
  "Lac-des-Eaux-Mortes": 8271772,
  "Lac-à-la-Croix": 8271773,
  "Mont-Alexandre": 8271774,
  "Cascapédia-Saint-Jules": 8271775,
  "Chandler": 8271776,
  "Pointe-à-la-Croix": 8274884,
  "Saint-André-de-Restigouche": 8274885,
  "Saint-Alexis-de-Matapédia": 8274886,
  "Matapédia": 8274887,
  "Ristigouche-Partie-Sud-Est": 8274888,
  "Hope": 8276145,
  "Hope Town": 8276146,
  "Saint-Godefroi": 8276147,
  "Shigawake": 8276148,
  "Portneuf": 8277021,
  "Saint-Basile": 8277027,
  "Cap-Santé": 8277031,
  "Deschambault-Grondines": 8277335,
  "Saint-Prosper-de-Champlain": 8277354,
  "Sainte-Anne-de-la-Pérade": 8277355,
  "Saint-Marc-des-Carrières": 8277356,
  "Saint-Gilbert": 8277357,
  "Saint-Casimir": 8279175,
  "Saint-Thuribe": 8279176,
  "Saint-Ubalde": 8279177,
  "L'Anse-Saint-Jean": 8279999,
  "Petit-Saguenay": 8280001,
  "Saint-Félix-d'Otis": 8280062,
  "Rivière-Éternité": 8280063,
  "Ferland-et-Boilleau": 8280192,
  "Lac-au-Brochet": 8281747,
  "Rivière-aux-Outardes": 8281748,
  "Mont-Valin": 8281749,
  "Passes-Dangereuses": 8282142,
  "Caniapiscau": 8282723,
  "Rivière-Mouchalagane": 8282724,
  "Lac-Walker": 8282725,
  "Rivière-Nipissis": 8282726,
  "Baie-Obaoca": 8292643,
  "Baie-Atibenne": 8292716,
  "Lac-du-Taureau": 8292783,
  "Lac-Devenyns": 8293311,
  "Lac-Minaki": 8293394,
  "Lac-Matawin": 8293523,
  "Lac-Santé": 8293607,
  "Lac-des-Dix-Milles": 8293608,
  "Lac-Legendre": 8293609,
  "Saint-Guillaume-Nord": 8293750,
  "Lac-Wagwabika": 8294675,
  "Lac-Cabasta": 8294694,
  "Baie-de-la-Bouteille": 8294984,
  "L'Épiphanie": 8325030,
  "Fort-Coulonge": 8353638,
  "Shawville": 8353789,
  "Lac-Chicobi": 8359838,
  "La Reine": 8362516,
  "Saint-Lambert": 8479338,
  "Normétal": 8362518,
  "La Sarre": 8363564,
  "Chazel": 8363565,
  "Val-Saint-Gilles": 8363566,
  "Sainte-Hélène-de-Mancebourg": 8363567,
  "Clerval": 8363569,
  "Dupuy": 8363570,
  "Macamic": 8363974,
  "Laforce": 8364603,
  "Moffet": 8364634,
  "Lac-Granet": 8364665,
  "Laverlochère-Angliers": 8364714,
  "Rémigny": 8364749,
  "Guérin": 8364810,
  "Nédélec": 8364828,
  "Lac-Metei": 8365714,
  "Matchi-Manitou": 8365715,
  "Saint-Bruno-de-Guigues": 8366079,
  "Lorrainville": 8366111,
  "Notre-Dame-du-Nord": 8366112,
  "Saint-Eugène-de-Guigues": 8366124,
  "Béarn": 8366269,
  "Belleterre": 8366270,
  "Latulipe-et-Gaboury": 8366271,
  "Fugèreville": 8366272,
  "Saint-Édouard-de-Fabre": 8367136,
  "Laniel": 8367861,
  "Kipawa": 8367980,
  "Témiscaming": 8367981,
  "Duhamel-Ouest": 8368053,
  "Les Lacs-du-Témiscamingue": 8368091,
  "Albanel": 8373768,
  "Saint-Eugène-d'Argentenay": 8373997,
  "Girardville": 8373998,
  "Notre-Dame-de-Lorette": 8373999,
  "Saint-Edmond-les-Plaines": 8374001,
  "Saint-Thomas-Didyme": 8374002,
  "Dolbeau-Mistassini": 8374202,
  "Péribonka": 8374227,
  "Alma": 8374471,
  "Labrecque": 8374472,
  "L'Ascension-de-Notre-Seigneur": 8374473,
  "Saint-Henri-de-Taillon": 8374474,
  "Bégin": 8374506,
  "Saint-Nazaire": 8374507,
  "Lamarche": 8374524,
  "Saint-Gédéon": 8374534,
  "Saint-David-de-Falardeau": 8374535,
  "Saint-Ambroise": 8374537,
  "Saint-Bruno": 8374596,
  "Desbiens": 8374628,
  "Métabetchouan–Lac-à-la-Croix": 8374629,
  "Hébertville": 8374630,
  "Hébertville-Station": 8374631,
  "Lac-Moncouche": 8376233,
  "Lac-Achouakan": 8376234,
  "Belle-Rivière": 8376235,
  "Saint-Honoré": 8377413,
  "Saint-Fulgence": 8377420,
  "Saint-Charles-de-Bourget": 8378349,
  "Sainte-Rose-du-Nord": 8378421,
  "Lac-Ministuk": 8378458,
  "Lalemant": 8378465,
  "Mont-Apica": 8379449,
  "Notre-Dame-des-Anges": 8381589,
  "Grandes-Piles": 8393955,
  "Saint-Roch-de-Mékinac": 8393956,
  "Hérouxville": 8393958,
  "Lac-aux-Sables": 8394056,
  "Saint-Adelphe": 8394057,
  "Sainte-Thècle": 8394058,
  "Trois-Rives": 8394096,
  "Lac-Masketsi": 8394097,
  "Lac-Boulé": 8394424,
  "Rivière-de-la-Savane": 8394425,
  "Lac-Normand": 8394426,
  "Lac-Pikauba": 8397614,
  "Grosse-Île": 8402196,
  "Les Îles-de-la-Madeleine": 8402197,
  "Rivière-Nouvelle": 8406163,
  "Saint-Alphonse": 8408082,
  "Collines-du-Basque": 8408254,
  "Lac-des-Aigles": 8420436,
  "Lac-Vacher": 8449496,
  "Lac-Juillet": 8449502,
  "Senneterre (paroisse)": 8450479,
  "Lebel-sur-Quévillon": 8477445,
  "Matagami": 8478658,
  "Notre-Dame-de-Montauban": 8478961,
  "Saint-Joseph-de-Sorel": 8480876,
  "ᐊᑯᓕᕕᒃ (ᒐᕙᒪᖃᕐᕕᐅᔪᖅ) / Akulivik (village)": 8490188,
  "ᐙᐱᒫᑯᔥᑐᐃ (ᐅᑌᓈᐤ) / Whapmagoostui (village)": 8490438,
  "ᐃᓄᒃᔪᐊᒃ (ᐊᕕᒃᑐᖅᓯᒪᓂᖓ) / Inukjuak (terre)": 8492856,
  "ᐃᕗᔨᕕᒃ (ᐊᕕᒃᑐᖅᓯᒪᓂᖓ) / Ivujivik (terre)": 8492877,
  "ᑲᖏᖅᓱᐊᓗᔾᔪᐊᖅ (ᐊᕕᒃᑐᖅᓯᒪᓂᖓ) / Kangiqsualujjuaq (terre)": 8495494,
  "ᑲᖏᖅᓱᔪᐊᖅ (ᒐᕙᒪᖃᕐᕕᐅᔪᖅ) / Kangiqsujuaq (village)": 8495564,
  "ᑲᖏᕐᓱᖅ (ᐊᕕᒃᑐᖅᓯᒪᓂᖓ) / Kangirsuk (terre)": 8495612,
  "ᑰᔾᔪᐊᖅ (ᐊᕕᒃᑐᖅᓯᒪᓂᖓ) / Kuujjuaq (terre)": 8495694,
  "Rivière-Bonaventure": 8513256,
  "Baie-d'Hudson": 8514211,
  "ᓴᓪᓗᐃᑦ (ᐊᕕᒃᑐᖅᓯᒪᓂᖓ) / Salluit (terre)": 8516272,
  "Chapais": 8744517,
  "Rivière-Koksoak": 8792922,
  "ᑲᖏᖅᓱᐊᓗᔾᔪᐊᖅ (ᒐᕙᒪᖃᕐᕕᐅᔪᖅ) / Kangiqsualujjuaq (village)": 9388091,
  "ᑰᔾᔪᐊᖅ (ᒐᕙᒪᖃᕐᕕᐅᔪᖅ) / Kuujjuaq (village)": 9388295,
  "ᑕᓯᐅᔭᖅ (ᐊᕕᒃᑐᖅᓯᒪᓂᖓ) / Tasiujaq (terre)": 9388430,
  "ᑕᓯᐅᔭᖅ (ᒐᕙᒪᖃᕐᕕᐅᔪᖅ) / Tasiujaq (village)": 9388431,
  "ᐊᐅᐸᓗᒃ (ᐊᕕᒃᑐᖅᓯᒪᓂᖓ) / Aupaluk (terre)": 9388600,
  "ᐊᐅᐸᓗᒃ (ᒐᕙᒪᖃᕐᕕᐅᔪᖅ) / Aupaluk (village)": 9388601,
  "ᑲᖏᕐᓱᖅ (ᒐᕙᒪᖃᕐᕕᐅᔪᖅ) / Kangirsuk (village)": 9388634,
  "ᖁᐊᖅᑕᖅ (ᒐᕙᒪᖃᕐᕕᐅᔪᖅ) / Quaqtaq (village)": 9388684,
  "ᖁᐊᖅᑕᖅ (ᐊᕕᒃᑐᖅᓯᒪᓂᖓ) / Quaqtaq (terre)": 9388808,
  "ᑲᖏᖅᓱᔪᐊᖅ (ᐊᕕᒃᑐᖅᓯᒪᓂᖓ) / Kangiqsujuaq (terre)": 9388839,
  "ᓴᓪᓗᐃᑦ (ᒐᕙᒪᖃᕐᕕᐅᔪᖅ) / Salluit (village)": 9389056,
  "ᐃᕗᔨᕕᒃ (ᒐᕙᒪᖃᕐᕕᐅᔪᖅ) / Ivujivik (village)": 9389089,
  "ᐊᑯᓕᕕᒃ (ᐊᕕᒃᑐᖅᓯᒪᓂᖓ) / Akulivik (terre)": 9390576,
  "ᐳᕕᕐᓂᑐᖅ Puvirnituq": 9390593,
  "ᐃᓄᒃᔪᐊᒃ (ᒐᕙᒪᖃᕐᕕᐅᔪᖅ) / Inukjuak (village)": 9390720,
  "ᐙᐱᒫᑯᔥᑐᐃ (ᐊᔅᒌ) / Whapmagoostui (terre)": 9391148,
  "ᑰᔾᔪᐊᕌᐱᒃ (ᒐᕙᒪᖃᕐᕕᐅᔪᖅ) / Kuujjuarapik (village)": 9391149,
  "ᑰᔾᔪᐊᕌᐱᒃ (ᐊᕕᒃᑐᖅᓯᒪᓂᖓ) / Kuujjuarapik (terre)": 9391150,
  "ᐅᒥᐅᔭᖅ (ᐊᕕᒃᑐᖅᓯᒪᓂᖓ) / Umiujaq (terre)": 9391174,
  "ᐅᒥᐅᔭᖅ (ᒐᕙᒪᖃᕐᕕᐅᔪᖅ) / Umiujaq (village)": 9391175,
  "ᑲᐛᐛᒋᑲᒪᒡ (ᐅᑌᓈᐤ) / Kawawachikamach (village)": 12873747,
  "ᐐᒥᓂᒌ (ᐅᑌᓈᐤ) / Wemindji (village)": 12893850,
  "ᐐᒥᓂᒌ (ᐊᔅᒌ) / Wemindji (terre)": 12893851,
  "ᐄᔅᒣᐃᓐ (ᐅᑌᓈᐤ) / Eastmain (village)": 12893894,
  "ᐄᔅᒣᐃᓐ (ᐊᔅᒌ) / Eastmain (terre)": 12893895,
  "ᒋᓵᓰᐲ (ᐊᔅᒌ) / Chisasibi (terre)": 13266133,
  "Chisasibi (Village)": 13266134,
  "ᐙᔅᑳᐦᐄᑲᓂᔥ (ᐊᔅᒌ) / Waskaganish (terre)": 13266168,
  "ᐙᔅᑳᐦᐄᑲᓂᔥ (ᐅᑌᓈᐤ) / Waskaganish (village)": 13266169,
  "ᐐᒥᓂᒌ (ᐊᔅᒌ) / Waswanipi (terre)": 13266175,
  "ᐙᔂᓂᐲ (ᐅᑌᓈᐤ) / Waswanipi (village)": 13266176,
  "ᐆᒉᐳᑯᒨ (ᐊᔅᒌ) / Oujé-Bougoumou (terre)": 13266179,
  "ᒥᔅᑎᓯᓃ (ᐅᑌᓈᐤ) / Mistissini (village)": 13266598,
  "ᒥᔅᑎᓯᓃ (ᐊᔅᒌ) / Mistissini (terre)": 13267724,
  "ᓀᒥᔅᑳᐤ (ᐅᑌᓈᐤ) / Nemaska (village)": 13267976,
  "ᓀᒥᔅᑳᐤ (ᐊᔅᒌ) / Nemaska (terre)": 13267977,
  "La Morandière-Rochebaucourt": 16785732,
  "Courcelles–Saint-Évariste": 16866124,
  "Sainte-Élisabeth-de-Proulx": 18529087,
  "Amos": 18741228
}